job,job_id,step,case,workers,component,phase,global_sample,request_index,variant,tested,matches,seconds,wall_ns,canonical_full_response_sha256
cli-01,919397b3815f48819637b6f01d998457,cli-w1-c0-r0,cli,1,0,warmup,0,,baseline,13824,339,20.022,20423071457,
cli-01,919397b3815f48819637b6f01d998457,cli-w1-c0-r0,cli,1,0,warmup,0,,candidate,13824,339,18.963,19411678500,
cli-01,919397b3815f48819637b6f01d998457,cli-w1-c0-r0,cli,1,0,sample,0,,baseline,13824,339,19.909,19925226125,
cli-01,919397b3815f48819637b6f01d998457,cli-w1-c0-r0,cli,1,0,sample,0,,candidate,13824,339,18.947,18958389874,
cli-01,919397b3815f48819637b6f01d998457,cli-w1-c0-r0,cli,1,0,sample,1,,candidate,13824,339,18.91,18920291792,
cli-01,919397b3815f48819637b6f01d998457,cli-w1-c0-r0,cli,1,0,sample,1,,baseline,13824,339,19.899,19908018832,
cli-01,919397b3815f48819637b6f01d998457,cli-w1-c0-r0,cli,1,0,sample,2,,baseline,13824,339,19.924,19933650374,
cli-01,919397b3815f48819637b6f01d998457,cli-w1-c0-r0,cli,1,0,sample,2,,candidate,13824,339,18.9,18909501042,
cli-01,919397b3815f48819637b6f01d998457,cli-w1-c0-r0,cli,1,0,sample,3,,candidate,13824,339,18.911,18924185583,
cli-01,919397b3815f48819637b6f01d998457,cli-w1-c0-r0,cli,1,0,sample,3,,baseline,13824,339,19.902,19912479583,
cli-01,919397b3815f48819637b6f01d998457,cli-w12-c0-r0,cli,12,0,warmup,0,,baseline,114432,2757,18.826,18837422625,
cli-01,919397b3815f48819637b6f01d998457,cli-w12-c0-r0,cli,12,0,warmup,0,,candidate,114432,2757,18.037,18050448207,
cli-01,919397b3815f48819637b6f01d998457,cli-w12-c0-r0,cli,12,0,sample,0,,baseline,114432,2757,19.146,19166628875,
cli-01,919397b3815f48819637b6f01d998457,cli-w12-c0-r0,cli,12,0,sample,0,,candidate,114432,2757,18.112,18124195874,
cli-01,919397b3815f48819637b6f01d998457,cli-w12-c0-r0,cli,12,0,sample,1,,candidate,114432,2757,18.356,18369572665,
cli-01,919397b3815f48819637b6f01d998457,cli-w12-c0-r0,cli,12,0,sample,1,,baseline,114432,2757,19.841,19853658042,
cli-01,919397b3815f48819637b6f01d998457,cli-w12-c0-r0,cli,12,0,sample,2,,baseline,114432,2757,20.412,20424131791,
cli-01,919397b3815f48819637b6f01d998457,cli-w12-c0-r0,cli,12,0,sample,2,,candidate,114432,2757,19.988,20000580958,
cli-01,919397b3815f48819637b6f01d998457,cli-w12-c0-r0,cli,12,0,sample,3,,candidate,114432,2757,20.664,20677704708,
cli-01,919397b3815f48819637b6f01d998457,cli-w12-c0-r0,cli,12,0,sample,3,,baseline,114432,2757,22.573,22585713624,
cli-01,919397b3815f48819637b6f01d998457,cli-w8-c0-r0,cli,8,0,warmup,0,,baseline,96512,2315,28.717,28729153457,
cli-01,919397b3815f48819637b6f01d998457,cli-w8-c0-r0,cli,8,0,warmup,0,,candidate,96512,2315,28.522,28539226915,
cli-01,919397b3815f48819637b6f01d998457,cli-w8-c0-r0,cli,8,0,sample,0,,baseline,96512,2315,31.042,31056229000,
cli-01,919397b3815f48819637b6f01d998457,cli-w8-c0-r0,cli,8,0,sample,0,,candidate,96512,2315,32.697,32713827665,
cli-01,919397b3815f48819637b6f01d998457,cli-w8-c0-r0,cli,8,0,sample,1,,candidate,96512,2315,32.054,32072985334,
cli-01,919397b3815f48819637b6f01d998457,cli-w8-c0-r0,cli,8,0,sample,1,,baseline,96512,2315,34.96,34974491957,
cli-01,919397b3815f48819637b6f01d998457,cli-w8-c0-r0,cli,8,0,sample,2,,baseline,96512,2315,33.071,33089437249,
cli-01,919397b3815f48819637b6f01d998457,cli-w8-c0-r0,cli,8,0,sample,2,,candidate,96512,2315,34.351,34367771666,
cli-01,919397b3815f48819637b6f01d998457,cli-w8-c0-r0,cli,8,0,sample,3,,candidate,96512,2315,33.971,33999831749,
cli-01,919397b3815f48819637b6f01d998457,cli-w8-c0-r0,cli,8,0,sample,3,,baseline,96512,2315,35.416,35431131250,
matching-01,14d95b35fdbf416c9a45ff20b43c80f9,cheap-w12-c0-r0,cheap,12,0,warmup,0,0,baseline,568832,71144,3.479000625,3643259083,0dd1b790a5e7a94f5fee251a17863938c8d17628ca36cc78c9a22b7538cfc677
matching-01,14d95b35fdbf416c9a45ff20b43c80f9,cheap-w12-c0-r0,cheap,12,0,warmup,0,0,candidate,568832,71144,3.937813625,4070848625,0dd1b790a5e7a94f5fee251a17863938c8d17628ca36cc78c9a22b7538cfc677
matching-01,14d95b35fdbf416c9a45ff20b43c80f9,cheap-w12-c0-r0,cheap,12,0,warmup,0,1,baseline,568576,70393,4.123540083,4251423208,0de3da7724ed9eff1abb9dc5864f98b8ddc6d3a86c7f88502fbc2a5181c19bf4
matching-01,14d95b35fdbf416c9a45ff20b43c80f9,cheap-w12-c0-r0,cheap,12,0,warmup,0,1,candidate,568576,70393,3.98662125,4126975041,0de3da7724ed9eff1abb9dc5864f98b8ddc6d3a86c7f88502fbc2a5181c19bf4
matching-01,14d95b35fdbf416c9a45ff20b43c80f9,cheap-w12-c0-r0,cheap,12,0,sample,0,0,baseline,568832,71144,4.067864334,4202976417,0dd1b790a5e7a94f5fee251a17863938c8d17628ca36cc78c9a22b7538cfc677
matching-01,14d95b35fdbf416c9a45ff20b43c80f9,cheap-w12-c0-r0,cheap,12,0,sample,0,0,candidate,568832,71144,4.00101225,4132666459,0dd1b790a5e7a94f5fee251a17863938c8d17628ca36cc78c9a22b7538cfc677
matching-01,14d95b35fdbf416c9a45ff20b43c80f9,cheap-w12-c0-r0,cheap,12,0,sample,0,1,baseline,568576,70393,4.096985875,4224094958,0de3da7724ed9eff1abb9dc5864f98b8ddc6d3a86c7f88502fbc2a5181c19bf4
matching-01,14d95b35fdbf416c9a45ff20b43c80f9,cheap-w12-c0-r0,cheap,12,0,sample,0,1,candidate,568576,70393,4.012378458,4136753666,0de3da7724ed9eff1abb9dc5864f98b8ddc6d3a86c7f88502fbc2a5181c19bf4
matching-01,14d95b35fdbf416c9a45ff20b43c80f9,cheap-w12-c0-r0,cheap,12,0,sample,1,0,candidate,568832,71144,4.133854125,4262334584,0dd1b790a5e7a94f5fee251a17863938c8d17628ca36cc78c9a22b7538cfc677
matching-01,14d95b35fdbf416c9a45ff20b43c80f9,cheap-w12-c0-r0,cheap,12,0,sample,1,0,baseline,568832,71144,4.100181834,4233619459,0dd1b790a5e7a94f5fee251a17863938c8d17628ca36cc78c9a22b7538cfc677
matching-01,14d95b35fdbf416c9a45ff20b43c80f9,cheap-w12-c0-r0,cheap,12,0,sample,1,1,candidate,568576,70393,4.100861208,4233677166,0de3da7724ed9eff1abb9dc5864f98b8ddc6d3a86c7f88502fbc2a5181c19bf4
matching-01,14d95b35fdbf416c9a45ff20b43c80f9,cheap-w12-c0-r0,cheap,12,0,sample,1,1,baseline,568576,70393,4.311843625,4441519667,0de3da7724ed9eff1abb9dc5864f98b8ddc6d3a86c7f88502fbc2a5181c19bf4
matching-01,14d95b35fdbf416c9a45ff20b43c80f9,cheap-w12-c0-r0,cheap,12,0,sample,2,0,baseline,568832,71144,4.087477,4303996208,0dd1b790a5e7a94f5fee251a17863938c8d17628ca36cc78c9a22b7538cfc677
matching-01,14d95b35fdbf416c9a45ff20b43c80f9,cheap-w12-c0-r0,cheap,12,0,sample,2,0,candidate,568832,71144,4.299284,4435149709,0dd1b790a5e7a94f5fee251a17863938c8d17628ca36cc78c9a22b7538cfc677
matching-01,14d95b35fdbf416c9a45ff20b43c80f9,cheap-w12-c0-r0,cheap,12,0,sample,2,1,baseline,568576,70393,4.123028209,4256442916,0de3da7724ed9eff1abb9dc5864f98b8ddc6d3a86c7f88502fbc2a5181c19bf4
matching-01,14d95b35fdbf416c9a45ff20b43c80f9,cheap-w12-c0-r0,cheap,12,0,sample,2,1,candidate,568576,70393,4.025790041,4166939541,0de3da7724ed9eff1abb9dc5864f98b8ddc6d3a86c7f88502fbc2a5181c19bf4
matching-01,14d95b35fdbf416c9a45ff20b43c80f9,cheap-w12-c0-r0,cheap,12,0,sample,3,0,candidate,568832,71144,4.116017959,4254740042,0dd1b790a5e7a94f5fee251a17863938c8d17628ca36cc78c9a22b7538cfc677
matching-01,14d95b35fdbf416c9a45ff20b43c80f9,cheap-w12-c0-r0,cheap,12,0,sample,3,0,baseline,568832,71144,4.397939042,4538680834,0dd1b790a5e7a94f5fee251a17863938c8d17628ca36cc78c9a22b7538cfc677
matching-01,14d95b35fdbf416c9a45ff20b43c80f9,cheap-w12-c0-r0,cheap,12,0,sample,3,1,candidate,568576,70393,4.075248417,4217574375,0de3da7724ed9eff1abb9dc5864f98b8ddc6d3a86c7f88502fbc2a5181c19bf4
matching-01,14d95b35fdbf416c9a45ff20b43c80f9,cheap-w12-c0-r0,cheap,12,0,sample,3,1,baseline,568576,70393,4.425437292,4564873916,0de3da7724ed9eff1abb9dc5864f98b8ddc6d3a86c7f88502fbc2a5181c19bf4
matching-01,14d95b35fdbf416c9a45ff20b43c80f9,late-w12-c0-r0,late,12,0,warmup,0,0,baseline,63744,0,22.255053583,22258376709,317869c50c8b4140ce803a1694502272d2475c09279ba3a3f831a62c8b9018b8
matching-01,14d95b35fdbf416c9a45ff20b43c80f9,late-w12-c0-r0,late,12,0,warmup,0,0,candidate,63744,0,22.30242925,22307178541,317869c50c8b4140ce803a1694502272d2475c09279ba3a3f831a62c8b9018b8
matching-01,14d95b35fdbf416c9a45ff20b43c80f9,late-w12-c0-r0,late,12,0,sample,0,0,baseline,63744,0,24.620205125,24624415292,317869c50c8b4140ce803a1694502272d2475c09279ba3a3f831a62c8b9018b8
matching-01,14d95b35fdbf416c9a45ff20b43c80f9,late-w12-c0-r0,late,12,0,sample,0,0,candidate,63744,0,23.998374708,24003863417,317869c50c8b4140ce803a1694502272d2475c09279ba3a3f831a62c8b9018b8
matching-01,14d95b35fdbf416c9a45ff20b43c80f9,late-w12-c0-r0,late,12,0,sample,1,0,candidate,63744,0,25.313110208,25318501125,317869c50c8b4140ce803a1694502272d2475c09279ba3a3f831a62c8b9018b8
matching-01,14d95b35fdbf416c9a45ff20b43c80f9,late-w12-c0-r0,late,12,0,sample,1,0,baseline,63744,0,26.250431834,26255648291,317869c50c8b4140ce803a1694502272d2475c09279ba3a3f831a62c8b9018b8
matching-01,14d95b35fdbf416c9a45ff20b43c80f9,late-w12-c0-r0,late,12,0,sample,2,0,baseline,63744,0,25.612224625,25616904375,317869c50c8b4140ce803a1694502272d2475c09279ba3a3f831a62c8b9018b8
matching-01,14d95b35fdbf416c9a45ff20b43c80f9,late-w12-c0-r0,late,12,0,sample,2,0,candidate,63744,0,24.924812875,24930055417,317869c50c8b4140ce803a1694502272d2475c09279ba3a3f831a62c8b9018b8
matching-01,14d95b35fdbf416c9a45ff20b43c80f9,late-w12-c0-r0,late,12,0,sample,3,0,candidate,63744,0,24.748923916,24753569125,317869c50c8b4140ce803a1694502272d2475c09279ba3a3f831a62c8b9018b8
matching-01,14d95b35fdbf416c9a45ff20b43c80f9,late-w12-c0-r0,late,12,0,sample,3,0,baseline,63744,0,25.657115542,25663100667,317869c50c8b4140ce803a1694502272d2475c09279ba3a3f831a62c8b9018b8
matching-02,d9240d1de0e64fc882a5fe6895853f8b,cheap-w12-c1-r0,cheap,12,1,warmup,0,0,baseline,568832,71133,3.4200295,3570279834,c053773f160d89c898d32abffc845233c72ed5cd0c568e068fd4becb030fe3c8
matching-02,d9240d1de0e64fc882a5fe6895853f8b,cheap-w12-c1-r0,cheap,12,1,warmup,0,0,candidate,568832,71133,3.869486167,4007047125,c053773f160d89c898d32abffc845233c72ed5cd0c568e068fd4becb030fe3c8
matching-02,d9240d1de0e64fc882a5fe6895853f8b,cheap-w12-c1-r0,cheap,12,1,warmup,0,1,baseline,568576,70890,4.092539375,4223821583,07f517a019af74056f2ca510e9697c97eb7c0b2de04df8b674da87bb8cc89654
matching-02,d9240d1de0e64fc882a5fe6895853f8b,cheap-w12-c1-r0,cheap,12,1,warmup,0,1,candidate,568576,70890,4.056233792,4187079500,07f517a019af74056f2ca510e9697c97eb7c0b2de04df8b674da87bb8cc89654
matching-02,d9240d1de0e64fc882a5fe6895853f8b,cheap-w12-c1-r0,cheap,12,1,sample,0,0,baseline,568832,71133,3.924403,4176137833,c053773f160d89c898d32abffc845233c72ed5cd0c568e068fd4becb030fe3c8
matching-02,d9240d1de0e64fc882a5fe6895853f8b,cheap-w12-c1-r0,cheap,12,1,sample,0,0,candidate,568832,71133,4.002174375,4140052208,c053773f160d89c898d32abffc845233c72ed5cd0c568e068fd4becb030fe3c8
matching-02,d9240d1de0e64fc882a5fe6895853f8b,cheap-w12-c1-r0,cheap,12,1,sample,0,1,baseline,568576,70890,4.373114917,4513739250,07f517a019af74056f2ca510e9697c97eb7c0b2de04df8b674da87bb8cc89654
matching-02,d9240d1de0e64fc882a5fe6895853f8b,cheap-w12-c1-r0,cheap,12,1,sample,0,1,candidate,568576,70890,4.276610333,4413423417,07f517a019af74056f2ca510e9697c97eb7c0b2de04df8b674da87bb8cc89654
matching-02,d9240d1de0e64fc882a5fe6895853f8b,cheap-w12-c1-r0,cheap,12,1,sample,1,0,candidate,568832,71133,4.294812125,4430650166,c053773f160d89c898d32abffc845233c72ed5cd0c568e068fd4becb030fe3c8
matching-02,d9240d1de0e64fc882a5fe6895853f8b,cheap-w12-c1-r0,cheap,12,1,sample,1,0,baseline,568832,71133,4.38456425,4531122791,c053773f160d89c898d32abffc845233c72ed5cd0c568e068fd4becb030fe3c8
matching-02,d9240d1de0e64fc882a5fe6895853f8b,cheap-w12-c1-r0,cheap,12,1,sample,1,1,candidate,568576,70890,4.290691458,4434831916,07f517a019af74056f2ca510e9697c97eb7c0b2de04df8b674da87bb8cc89654
matching-02,d9240d1de0e64fc882a5fe6895853f8b,cheap-w12-c1-r0,cheap,12,1,sample,1,1,baseline,568576,70890,4.395478375,4534338708,07f517a019af74056f2ca510e9697c97eb7c0b2de04df8b674da87bb8cc89654
matching-02,d9240d1de0e64fc882a5fe6895853f8b,cheap-w12-c1-r0,cheap,12,1,sample,2,0,baseline,568832,71133,4.372876875,4540647792,c053773f160d89c898d32abffc845233c72ed5cd0c568e068fd4becb030fe3c8
matching-02,d9240d1de0e64fc882a5fe6895853f8b,cheap-w12-c1-r0,cheap,12,1,sample,2,0,candidate,568832,71133,4.279294917,4418460625,c053773f160d89c898d32abffc845233c72ed5cd0c568e068fd4becb030fe3c8
matching-02,d9240d1de0e64fc882a5fe6895853f8b,cheap-w12-c1-r0,cheap,12,1,sample,2,1,baseline,568576,70890,4.548438833,4695547916,07f517a019af74056f2ca510e9697c97eb7c0b2de04df8b674da87bb8cc89654
matching-02,d9240d1de0e64fc882a5fe6895853f8b,cheap-w12-c1-r0,cheap,12,1,sample,2,1,candidate,568576,70890,4.42896575,4547351625,07f517a019af74056f2ca510e9697c97eb7c0b2de04df8b674da87bb8cc89654
matching-02,d9240d1de0e64fc882a5fe6895853f8b,cheap-w12-c1-r0,cheap,12,1,sample,3,0,candidate,568832,71133,4.38308525,4667038834,c053773f160d89c898d32abffc845233c72ed5cd0c568e068fd4becb030fe3c8
matching-02,d9240d1de0e64fc882a5fe6895853f8b,cheap-w12-c1-r0,cheap,12,1,sample,3,0,baseline,568832,71133,4.411158791,4574176375,c053773f160d89c898d32abffc845233c72ed5cd0c568e068fd4becb030fe3c8
matching-02,d9240d1de0e64fc882a5fe6895853f8b,cheap-w12-c1-r0,cheap,12,1,sample,3,1,candidate,568576,70890,4.716225917,4874576833,07f517a019af74056f2ca510e9697c97eb7c0b2de04df8b674da87bb8cc89654
matching-02,d9240d1de0e64fc882a5fe6895853f8b,cheap-w12-c1-r0,cheap,12,1,sample,3,1,baseline,568576,70890,5.13668775,5293732584,07f517a019af74056f2ca510e9697c97eb7c0b2de04df8b674da87bb8cc89654
matching-03,1ba980e7555b49838a7396a89d3a3900,cheap-w12-c2-r0,cheap,12,2,warmup,0,0,baseline,568832,70796,3.311286833,3449356750,636b6777b6343198f5b69553e184e2161ce7bba06c9f54539bc87219d9ba5125
matching-03,1ba980e7555b49838a7396a89d3a3900,cheap-w12-c2-r0,cheap,12,2,warmup,0,0,candidate,568832,70796,3.69469475,3831272209,636b6777b6343198f5b69553e184e2161ce7bba06c9f54539bc87219d9ba5125
matching-03,1ba980e7555b49838a7396a89d3a3900,cheap-w12-c2-r0,cheap,12,2,warmup,0,1,baseline,568576,71063,3.967934166,4097534417,3f0b8b2f3ceb66a39a24b5cd063cbfc955288b8beeef4b121fc9c7b89a00c858
matching-03,1ba980e7555b49838a7396a89d3a3900,cheap-w12-c2-r0,cheap,12,2,warmup,0,1,candidate,568576,71063,3.666161333,3789688459,3f0b8b2f3ceb66a39a24b5cd063cbfc955288b8beeef4b121fc9c7b89a00c858
matching-03,1ba980e7555b49838a7396a89d3a3900,cheap-w12-c2-r0,cheap,12,2,sample,0,0,baseline,568832,70796,3.93323125,4059153792,636b6777b6343198f5b69553e184e2161ce7bba06c9f54539bc87219d9ba5125
matching-03,1ba980e7555b49838a7396a89d3a3900,cheap-w12-c2-r0,cheap,12,2,sample,0,0,candidate,568832,70796,3.7211760419999997,3848505625,636b6777b6343198f5b69553e184e2161ce7bba06c9f54539bc87219d9ba5125
matching-03,1ba980e7555b49838a7396a89d3a3900,cheap-w12-c2-r0,cheap,12,2,sample,0,1,baseline,568576,71063,4.0372165,4175309916,3f0b8b2f3ceb66a39a24b5cd063cbfc955288b8beeef4b121fc9c7b89a00c858
matching-03,1ba980e7555b49838a7396a89d3a3900,cheap-w12-c2-r0,cheap,12,2,sample,0,1,candidate,568576,71063,4.018164584,4151627959,3f0b8b2f3ceb66a39a24b5cd063cbfc955288b8beeef4b121fc9c7b89a00c858
matching-03,1ba980e7555b49838a7396a89d3a3900,cheap-w12-c2-r0,cheap,12,2,sample,1,0,candidate,568832,70796,3.868751,4126134666,636b6777b6343198f5b69553e184e2161ce7bba06c9f54539bc87219d9ba5125
matching-03,1ba980e7555b49838a7396a89d3a3900,cheap-w12-c2-r0,cheap,12,2,sample,1,0,baseline,568832,70796,3.80167025,3928535291,636b6777b6343198f5b69553e184e2161ce7bba06c9f54539bc87219d9ba5125
matching-03,1ba980e7555b49838a7396a89d3a3900,cheap-w12-c2-r0,cheap,12,2,sample,1,1,candidate,568576,71063,3.879183458,4011763209,3f0b8b2f3ceb66a39a24b5cd063cbfc955288b8beeef4b121fc9c7b89a00c858
matching-03,1ba980e7555b49838a7396a89d3a3900,cheap-w12-c2-r0,cheap,12,2,sample,1,1,baseline,568576,71063,4.170204333,4310111375,3f0b8b2f3ceb66a39a24b5cd063cbfc955288b8beeef4b121fc9c7b89a00c858
matching-03,1ba980e7555b49838a7396a89d3a3900,cheap-w12-c2-r0,cheap,12,2,sample,2,0,baseline,568832,70796,3.906298166,4048296625,636b6777b6343198f5b69553e184e2161ce7bba06c9f54539bc87219d9ba5125
matching-03,1ba980e7555b49838a7396a89d3a3900,cheap-w12-c2-r0,cheap,12,2,sample,2,0,candidate,568832,70796,4.141130708,4271305959,636b6777b6343198f5b69553e184e2161ce7bba06c9f54539bc87219d9ba5125
matching-03,1ba980e7555b49838a7396a89d3a3900,cheap-w12-c2-r0,cheap,12,2,sample,2,1,baseline,568576,71063,4.034928792,4171427334,3f0b8b2f3ceb66a39a24b5cd063cbfc955288b8beeef4b121fc9c7b89a00c858
matching-03,1ba980e7555b49838a7396a89d3a3900,cheap-w12-c2-r0,cheap,12,2,sample,2,1,candidate,568576,71063,3.9787974999999998,4112717833,3f0b8b2f3ceb66a39a24b5cd063cbfc955288b8beeef4b121fc9c7b89a00c858
matching-03,1ba980e7555b49838a7396a89d3a3900,cheap-w12-c2-r0,cheap,12,2,sample,3,0,candidate,568832,70796,3.913022,4041953833,636b6777b6343198f5b69553e184e2161ce7bba06c9f54539bc87219d9ba5125
matching-03,1ba980e7555b49838a7396a89d3a3900,cheap-w12-c2-r0,cheap,12,2,sample,3,0,baseline,568832,70796,4.175609125,4312779041,636b6777b6343198f5b69553e184e2161ce7bba06c9f54539bc87219d9ba5125
matching-03,1ba980e7555b49838a7396a89d3a3900,cheap-w12-c2-r0,cheap,12,2,sample,3,1,candidate,568576,71063,4.142630542,4282107167,3f0b8b2f3ceb66a39a24b5cd063cbfc955288b8beeef4b121fc9c7b89a00c858
matching-03,1ba980e7555b49838a7396a89d3a3900,cheap-w12-c2-r0,cheap,12,2,sample,3,1,baseline,568576,71063,4.093007792,4233656167,3f0b8b2f3ceb66a39a24b5cd063cbfc955288b8beeef4b121fc9c7b89a00c858
matching-04,4bd30dcf98d34dacbb790409189e6292,cheap-w8-c0-r0,cheap,8,0,warmup,0,0,baseline,926976,116191,6.194762833,6389061042,2177fd9521e425e587cc190b74a3509c8de6acfea362b9b1c53cbf3a734f3be4
matching-04,4bd30dcf98d34dacbb790409189e6292,cheap-w8-c0-r0,cheap,8,0,warmup,0,0,candidate,926976,116191,6.5435282919999995,6723196833,2177fd9521e425e587cc190b74a3509c8de6acfea362b9b1c53cbf3a734f3be4
matching-04,4bd30dcf98d34dacbb790409189e6292,cheap-w8-c0-r0,cheap,8,0,sample,0,0,baseline,926976,116191,6.580919166,6760439375,2177fd9521e425e587cc190b74a3509c8de6acfea362b9b1c53cbf3a734f3be4
matching-04,4bd30dcf98d34dacbb790409189e6292,cheap-w8-c0-r0,cheap,8,0,sample,0,0,candidate,926976,116191,6.659272792,6838634209,2177fd9521e425e587cc190b74a3509c8de6acfea362b9b1c53cbf3a734f3be4
matching-04,4bd30dcf98d34dacbb790409189e6292,cheap-w8-c0-r0,cheap,8,0,sample,1,0,candidate,926976,116191,6.548081334,6729887000,2177fd9521e425e587cc190b74a3509c8de6acfea362b9b1c53cbf3a734f3be4
matching-04,4bd30dcf98d34dacbb790409189e6292,cheap-w8-c0-r0,cheap,8,0,sample,1,0,baseline,926976,116191,6.94035125,7123712375,2177fd9521e425e587cc190b74a3509c8de6acfea362b9b1c53cbf3a734f3be4
matching-04,4bd30dcf98d34dacbb790409189e6292,cheap-w8-c0-r0,cheap,8,0,sample,2,0,baseline,926976,116191,6.7227852089999995,6905677875,2177fd9521e425e587cc190b74a3509c8de6acfea362b9b1c53cbf3a734f3be4
matching-04,4bd30dcf98d34dacbb790409189e6292,cheap-w8-c0-r0,cheap,8,0,sample,2,0,candidate,926976,116191,6.7355691669999995,6926631542,2177fd9521e425e587cc190b74a3509c8de6acfea362b9b1c53cbf3a734f3be4
matching-04,4bd30dcf98d34dacbb790409189e6292,cheap-w8-c0-r0,cheap,8,0,sample,3,0,candidate,926976,116191,6.893380959,7234990333,2177fd9521e425e587cc190b74a3509c8de6acfea362b9b1c53cbf3a734f3be4
matching-04,4bd30dcf98d34dacbb790409189e6292,cheap-w8-c0-r0,cheap,8,0,sample,3,0,baseline,926976,116191,6.846515459,7034955583,2177fd9521e425e587cc190b74a3509c8de6acfea362b9b1c53cbf3a734f3be4
matching-04,4bd30dcf98d34dacbb790409189e6292,blade_might_auto-w12-c0-r0,blade_might_auto,12,0,warmup,0,0,baseline,75264,25,16.902680167,16906325167,3616eed8d49d65cd020d5ce471ae7909fb0a72c864f4c87687847e8254979a3e
matching-04,4bd30dcf98d34dacbb790409189e6292,blade_might_auto-w12-c0-r0,blade_might_auto,12,0,warmup,0,0,candidate,75264,25,14.4720015,14476338792,3616eed8d49d65cd020d5ce471ae7909fb0a72c864f4c87687847e8254979a3e
matching-04,4bd30dcf98d34dacbb790409189e6292,blade_might_auto-w12-c0-r0,blade_might_auto,12,0,sample,0,0,baseline,75264,25,18.122667334,18127511959,3616eed8d49d65cd020d5ce471ae7909fb0a72c864f4c87687847e8254979a3e
matching-04,4bd30dcf98d34dacbb790409189e6292,blade_might_auto-w12-c0-r0,blade_might_auto,12,0,sample,0,0,candidate,75264,25,15.375416666,15379998666,3616eed8d49d65cd020d5ce471ae7909fb0a72c864f4c87687847e8254979a3e
matching-04,4bd30dcf98d34dacbb790409189e6292,blade_might_auto-w12-c0-r0,blade_might_auto,12,0,sample,1,0,candidate,75264,25,15.851583,15856389500,3616eed8d49d65cd020d5ce471ae7909fb0a72c864f4c87687847e8254979a3e
matching-04,4bd30dcf98d34dacbb790409189e6292,blade_might_auto-w12-c0-r0,blade_might_auto,12,0,sample,1,0,baseline,75264,25,19.582428083,19587427709,3616eed8d49d65cd020d5ce471ae7909fb0a72c864f4c87687847e8254979a3e
matching-04,4bd30dcf98d34dacbb790409189e6292,blade_might_auto-w12-c0-r0,blade_might_auto,12,0,sample,2,0,baseline,75264,25,20.224114666,20228200250,3616eed8d49d65cd020d5ce471ae7909fb0a72c864f4c87687847e8254979a3e
matching-04,4bd30dcf98d34dacbb790409189e6292,blade_might_auto-w12-c0-r0,blade_might_auto,12,0,sample,2,0,candidate,75264,25,17.225757416,17231081542,3616eed8d49d65cd020d5ce471ae7909fb0a72c864f4c87687847e8254979a3e
matching-04,4bd30dcf98d34dacbb790409189e6292,blade_might_auto-w12-c0-r0,blade_might_auto,12,0,sample,3,0,candidate,75264,25,17.633662458,17638006250,3616eed8d49d65cd020d5ce471ae7909fb0a72c864f4c87687847e8254979a3e
matching-04,4bd30dcf98d34dacbb790409189e6292,blade_might_auto-w12-c0-r0,blade_might_auto,12,0,sample,3,0,baseline,75264,25,21.777589375,21783170834,3616eed8d49d65cd020d5ce471ae7909fb0a72c864f4c87687847e8254979a3e
matching-04,4bd30dcf98d34dacbb790409189e6292,blade_might_auto-w8-c0-r0,blade_might_auto,8,0,warmup,0,0,baseline,75264,25,28.721230416,28725273125,3616eed8d49d65cd020d5ce471ae7909fb0a72c864f4c87687847e8254979a3e
matching-04,4bd30dcf98d34dacbb790409189e6292,blade_might_auto-w8-c0-r0,blade_might_auto,8,0,warmup,0,0,candidate,75264,25,25.013169375,25018530875,3616eed8d49d65cd020d5ce471ae7909fb0a72c864f4c87687847e8254979a3e
matching-04,4bd30dcf98d34dacbb790409189e6292,blade_might_auto-w8-c0-r0,blade_might_auto,8,0,sample,0,0,baseline,75264,25,33.465545041,33471146542,3616eed8d49d65cd020d5ce471ae7909fb0a72c864f4c87687847e8254979a3e
matching-04,4bd30dcf98d34dacbb790409189e6292,blade_might_auto-w8-c0-r0,blade_might_auto,8,0,sample,0,0,candidate,75264,25,26.998707625,27004205917,3616eed8d49d65cd020d5ce471ae7909fb0a72c864f4c87687847e8254979a3e
matching-04,4bd30dcf98d34dacbb790409189e6292,blade_might_auto-w8-c0-r0,blade_might_auto,8,0,sample,1,0,candidate,75264,25,27.316869625,27321500666,3616eed8d49d65cd020d5ce471ae7909fb0a72c864f4c87687847e8254979a3e
matching-04,4bd30dcf98d34dacbb790409189e6292,blade_might_auto-w8-c0-r0,blade_might_auto,8,0,sample,1,0,baseline,75264,25,31.369978292,31375075083,3616eed8d49d65cd020d5ce471ae7909fb0a72c864f4c87687847e8254979a3e
matching-04,4bd30dcf98d34dacbb790409189e6292,blade_might_auto-w8-c0-r0,blade_might_auto,8,0,sample,2,0,baseline,75264,25,31.276337541,31281360000,3616eed8d49d65cd020d5ce471ae7909fb0a72c864f4c87687847e8254979a3e
matching-04,4bd30dcf98d34dacbb790409189e6292,blade_might_auto-w8-c0-r0,blade_might_auto,8,0,sample,2,0,candidate,75264,25,27.438632667,27444228000,3616eed8d49d65cd020d5ce471ae7909fb0a72c864f4c87687847e8254979a3e
matching-04,4bd30dcf98d34dacbb790409189e6292,blade_might_auto-w8-c0-r0,blade_might_auto,8,0,sample,3,0,candidate,75264,25,27.151452792,27156030667,3616eed8d49d65cd020d5ce471ae7909fb0a72c864f4c87687847e8254979a3e
matching-04,4bd30dcf98d34dacbb790409189e6292,blade_might_auto-w8-c0-r0,blade_might_auto,8,0,sample,3,0,baseline,75264,25,31.248059125,31253549500,3616eed8d49d65cd020d5ce471ae7909fb0a72c864f4c87687847e8254979a3e
matching-04,4bd30dcf98d34dacbb790409189e6292,late-w8-c0-r0,late,8,0,warmup,0,0,baseline,63744,0,32.574917917,32578929083,317869c50c8b4140ce803a1694502272d2475c09279ba3a3f831a62c8b9018b8
matching-04,4bd30dcf98d34dacbb790409189e6292,late-w8-c0-r0,late,8,0,warmup,0,0,candidate,63744,0,31.373228459,31376597917,317869c50c8b4140ce803a1694502272d2475c09279ba3a3f831a62c8b9018b8
matching-04,4bd30dcf98d34dacbb790409189e6292,late-w8-c0-r0,late,8,0,sample,0,0,baseline,63744,0,32.859888958,32863357750,317869c50c8b4140ce803a1694502272d2475c09279ba3a3f831a62c8b9018b8
matching-04,4bd30dcf98d34dacbb790409189e6292,late-w8-c0-r0,late,8,0,sample,0,0,candidate,63744,0,31.945015417,31948391541,317869c50c8b4140ce803a1694502272d2475c09279ba3a3f831a62c8b9018b8
matching-04,4bd30dcf98d34dacbb790409189e6292,late-w8-c0-r0,late,8,0,sample,1,0,candidate,63744,0,32.956964708,32960590625,317869c50c8b4140ce803a1694502272d2475c09279ba3a3f831a62c8b9018b8
matching-04,4bd30dcf98d34dacbb790409189e6292,late-w8-c0-r0,late,8,0,sample,1,0,baseline,63744,0,32.783234375,32787102375,317869c50c8b4140ce803a1694502272d2475c09279ba3a3f831a62c8b9018b8
matching-04,4bd30dcf98d34dacbb790409189e6292,late-w8-c0-r0,late,8,0,sample,2,0,baseline,63744,0,34.351842709,34354993875,317869c50c8b4140ce803a1694502272d2475c09279ba3a3f831a62c8b9018b8
matching-04,4bd30dcf98d34dacbb790409189e6292,late-w8-c0-r0,late,8,0,sample,2,0,candidate,63744,0,32.157551792,32161597583,317869c50c8b4140ce803a1694502272d2475c09279ba3a3f831a62c8b9018b8
matching-04,4bd30dcf98d34dacbb790409189e6292,late-w8-c0-r0,late,8,0,sample,3,0,candidate,63744,0,31.924835,31928588125,317869c50c8b4140ce803a1694502272d2475c09279ba3a3f831a62c8b9018b8
matching-04,4bd30dcf98d34dacbb790409189e6292,late-w8-c0-r0,late,8,0,sample,3,0,baseline,63744,0,32.805300209,32809022916,317869c50c8b4140ce803a1694502272d2475c09279ba3a3f831a62c8b9018b8
matching-05,1a5607c64eee4b5bb7b425f540a81a31,cheap-w8-c1-r0,cheap,8,1,warmup,0,0,baseline,926976,115454,7.3541574579999995,7568566041,97ca78d03cc785890ab9ff478b38cb5682bf1b4a075a13d79f8321e9ede59ec3
matching-05,1a5607c64eee4b5bb7b425f540a81a31,cheap-w8-c1-r0,cheap,8,1,warmup,0,0,candidate,926976,115454,8.149267958,8360729417,97ca78d03cc785890ab9ff478b38cb5682bf1b4a075a13d79f8321e9ede59ec3
matching-05,1a5607c64eee4b5bb7b425f540a81a31,cheap-w8-c1-r0,cheap,8,1,sample,0,0,baseline,926976,115454,8.213654042,8420851000,97ca78d03cc785890ab9ff478b38cb5682bf1b4a075a13d79f8321e9ede59ec3
matching-05,1a5607c64eee4b5bb7b425f540a81a31,cheap-w8-c1-r0,cheap,8,1,sample,0,0,candidate,926976,115454,8.119953333,8321239875,97ca78d03cc785890ab9ff478b38cb5682bf1b4a075a13d79f8321e9ede59ec3
matching-05,1a5607c64eee4b5bb7b425f540a81a31,cheap-w8-c1-r0,cheap,8,1,sample,1,0,candidate,926976,115454,8.073483292,8279503375,97ca78d03cc785890ab9ff478b38cb5682bf1b4a075a13d79f8321e9ede59ec3
matching-05,1a5607c64eee4b5bb7b425f540a81a31,cheap-w8-c1-r0,cheap,8,1,sample,1,0,baseline,926976,115454,8.119420375,8327508833,97ca78d03cc785890ab9ff478b38cb5682bf1b4a075a13d79f8321e9ede59ec3
matching-05,1a5607c64eee4b5bb7b425f540a81a31,cheap-w8-c1-r0,cheap,8,1,sample,2,0,baseline,926976,115454,7.972197542,8403482208,97ca78d03cc785890ab9ff478b38cb5682bf1b4a075a13d79f8321e9ede59ec3
matching-05,1a5607c64eee4b5bb7b425f540a81a31,cheap-w8-c1-r0,cheap,8,1,sample,2,0,candidate,926976,115454,8.319912334,8522773500,97ca78d03cc785890ab9ff478b38cb5682bf1b4a075a13d79f8321e9ede59ec3
matching-05,1a5607c64eee4b5bb7b425f540a81a31,cheap-w8-c1-r0,cheap,8,1,sample,3,0,candidate,926976,115454,8.332240166,8542434000,97ca78d03cc785890ab9ff478b38cb5682bf1b4a075a13d79f8321e9ede59ec3
matching-05,1a5607c64eee4b5bb7b425f540a81a31,cheap-w8-c1-r0,cheap,8,1,sample,3,0,baseline,926976,115454,8.644507167,8853329416,97ca78d03cc785890ab9ff478b38cb5682bf1b4a075a13d79f8321e9ede59ec3
matching-05,1a5607c64eee4b5bb7b425f540a81a31,blade_might_auto-w1-c0-r0,blade_might_auto,1,0,warmup,0,0,baseline,11008,4,19.707202667,19707881625,88eb29aa71ea93cfe2aaf25a9f8b06efdfc7256888d9ad9d8deddcbc1bccd8ff
matching-05,1a5607c64eee4b5bb7b425f540a81a31,blade_might_auto-w1-c0-r0,blade_might_auto,1,0,warmup,0,0,candidate,11008,4,16.306521625,16307206750,88eb29aa71ea93cfe2aaf25a9f8b06efdfc7256888d9ad9d8deddcbc1bccd8ff
matching-05,1a5607c64eee4b5bb7b425f540a81a31,blade_might_auto-w1-c0-r0,blade_might_auto,1,0,sample,0,0,baseline,11008,4,19.368497,19369254500,88eb29aa71ea93cfe2aaf25a9f8b06efdfc7256888d9ad9d8deddcbc1bccd8ff
matching-05,1a5607c64eee4b5bb7b425f540a81a31,blade_might_auto-w1-c0-r0,blade_might_auto,1,0,sample,0,0,candidate,11008,4,16.126291459,16127023750,88eb29aa71ea93cfe2aaf25a9f8b06efdfc7256888d9ad9d8deddcbc1bccd8ff
matching-05,1a5607c64eee4b5bb7b425f540a81a31,blade_might_auto-w1-c0-r0,blade_might_auto,1,0,sample,1,0,candidate,11008,4,16.065726791,16066332625,88eb29aa71ea93cfe2aaf25a9f8b06efdfc7256888d9ad9d8deddcbc1bccd8ff
matching-05,1a5607c64eee4b5bb7b425f540a81a31,blade_might_auto-w1-c0-r0,blade_might_auto,1,0,sample,1,0,baseline,11008,4,19.159957958,19160749208,88eb29aa71ea93cfe2aaf25a9f8b06efdfc7256888d9ad9d8deddcbc1bccd8ff
matching-05,1a5607c64eee4b5bb7b425f540a81a31,blade_might_auto-w1-c0-r0,blade_might_auto,1,0,sample,2,0,baseline,11008,4,19.129379458,19129999792,88eb29aa71ea93cfe2aaf25a9f8b06efdfc7256888d9ad9d8deddcbc1bccd8ff
matching-05,1a5607c64eee4b5bb7b425f540a81a31,blade_might_auto-w1-c0-r0,blade_might_auto,1,0,sample,2,0,candidate,11008,4,15.968595584,15969191458,88eb29aa71ea93cfe2aaf25a9f8b06efdfc7256888d9ad9d8deddcbc1bccd8ff
matching-05,1a5607c64eee4b5bb7b425f540a81a31,blade_might_auto-w1-c0-r0,blade_might_auto,1,0,sample,3,0,candidate,11008,4,15.9519695,15952536667,88eb29aa71ea93cfe2aaf25a9f8b06efdfc7256888d9ad9d8deddcbc1bccd8ff
matching-05,1a5607c64eee4b5bb7b425f540a81a31,blade_might_auto-w1-c0-r0,blade_might_auto,1,0,sample,3,0,baseline,11008,4,19.047024125,19047799625,88eb29aa71ea93cfe2aaf25a9f8b06efdfc7256888d9ad9d8deddcbc1bccd8ff
matching-05,1a5607c64eee4b5bb7b425f540a81a31,late-w1-c0-r0,late,1,0,warmup,0,0,baseline,8960,0,19.130512708,19131300875,f6b878789205f29f783965e867a8644d24c90ce359d820c6c839cda2fdcd4caa
matching-05,1a5607c64eee4b5bb7b425f540a81a31,late-w1-c0-r0,late,1,0,warmup,0,0,candidate,8960,0,18.204739125,18205290709,f6b878789205f29f783965e867a8644d24c90ce359d820c6c839cda2fdcd4caa
matching-05,1a5607c64eee4b5bb7b425f540a81a31,late-w1-c0-r0,late,1,0,sample,0,0,baseline,8960,0,19.094632083,19095244583,f6b878789205f29f783965e867a8644d24c90ce359d820c6c839cda2fdcd4caa
matching-05,1a5607c64eee4b5bb7b425f540a81a31,late-w1-c0-r0,late,1,0,sample,0,0,candidate,8960,0,18.186459458,18187080542,f6b878789205f29f783965e867a8644d24c90ce359d820c6c839cda2fdcd4caa
matching-05,1a5607c64eee4b5bb7b425f540a81a31,late-w1-c0-r0,late,1,0,sample,1,0,candidate,8960,0,18.221375959,18221882875,f6b878789205f29f783965e867a8644d24c90ce359d820c6c839cda2fdcd4caa
matching-05,1a5607c64eee4b5bb7b425f540a81a31,late-w1-c0-r0,late,1,0,sample,1,0,baseline,8960,0,19.161683417,19162206083,f6b878789205f29f783965e867a8644d24c90ce359d820c6c839cda2fdcd4caa
matching-05,1a5607c64eee4b5bb7b425f540a81a31,late-w1-c0-r0,late,1,0,sample,2,0,baseline,8960,0,19.093305459,19093802667,f6b878789205f29f783965e867a8644d24c90ce359d820c6c839cda2fdcd4caa
matching-05,1a5607c64eee4b5bb7b425f540a81a31,late-w1-c0-r0,late,1,0,sample,2,0,candidate,8960,0,18.157742083,18158241334,f6b878789205f29f783965e867a8644d24c90ce359d820c6c839cda2fdcd4caa
matching-05,1a5607c64eee4b5bb7b425f540a81a31,late-w1-c0-r0,late,1,0,sample,3,0,candidate,8960,0,18.164734625,18165195000,f6b878789205f29f783965e867a8644d24c90ce359d820c6c839cda2fdcd4caa
matching-05,1a5607c64eee4b5bb7b425f540a81a31,late-w1-c0-r0,late,1,0,sample,3,0,baseline,8960,0,19.052096959,19052570792,f6b878789205f29f783965e867a8644d24c90ce359d820c6c839cda2fdcd4caa
matching-06,7939d6e538c54c8eb6dc64462159d372,cheap-w8-c2-r0,cheap,8,2,warmup,0,0,baseline,926976,115486,7.072361709,7335202042,f09d90f7bdd09de893fc4e20956d0c38530ce4a14c9dc3b2af6f32f7b870d932
matching-06,7939d6e538c54c8eb6dc64462159d372,cheap-w8-c2-r0,cheap,8,2,warmup,0,0,candidate,926976,115486,8.000852375,8388531417,f09d90f7bdd09de893fc4e20956d0c38530ce4a14c9dc3b2af6f32f7b870d932
matching-06,7939d6e538c54c8eb6dc64462159d372,cheap-w8-c2-r0,cheap,8,2,sample,0,0,baseline,926976,115486,7.691733833,7895398958,f09d90f7bdd09de893fc4e20956d0c38530ce4a14c9dc3b2af6f32f7b870d932
matching-06,7939d6e538c54c8eb6dc64462159d372,cheap-w8-c2-r0,cheap,8,2,sample,0,0,candidate,926976,115486,7.776849542,7980050708,f09d90f7bdd09de893fc4e20956d0c38530ce4a14c9dc3b2af6f32f7b870d932
matching-06,7939d6e538c54c8eb6dc64462159d372,cheap-w8-c2-r0,cheap,8,2,sample,1,0,candidate,926976,115486,7.9103397090000005,8117734208,f09d90f7bdd09de893fc4e20956d0c38530ce4a14c9dc3b2af6f32f7b870d932
matching-06,7939d6e538c54c8eb6dc64462159d372,cheap-w8-c2-r0,cheap,8,2,sample,1,0,baseline,926976,115486,8.110474958,8314856042,f09d90f7bdd09de893fc4e20956d0c38530ce4a14c9dc3b2af6f32f7b870d932
matching-06,7939d6e538c54c8eb6dc64462159d372,cheap-w8-c2-r0,cheap,8,2,sample,2,0,baseline,926976,115486,7.975308459,8180875916,f09d90f7bdd09de893fc4e20956d0c38530ce4a14c9dc3b2af6f32f7b870d932
matching-06,7939d6e538c54c8eb6dc64462159d372,cheap-w8-c2-r0,cheap,8,2,sample,2,0,candidate,926976,115486,8.228472625,8454903875,f09d90f7bdd09de893fc4e20956d0c38530ce4a14c9dc3b2af6f32f7b870d932
matching-06,7939d6e538c54c8eb6dc64462159d372,cheap-w8-c2-r0,cheap,8,2,sample,3,0,candidate,926976,115486,9.043418833,9260369625,f09d90f7bdd09de893fc4e20956d0c38530ce4a14c9dc3b2af6f32f7b870d932
matching-06,7939d6e538c54c8eb6dc64462159d372,cheap-w8-c2-r0,cheap,8,2,sample,3,0,baseline,926976,115486,8.584755958,8807795333,f09d90f7bdd09de893fc4e20956d0c38530ce4a14c9dc3b2af6f32f7b870d932
matching-07,a44fa8d57132428fa004c0310cf2ffac,cheap-w1-c0-r0,cheap,1,0,warmup,0,0,baseline,387328,48534,18.504793875,18592612625,3f7529a334f0650fb88a7512d6505e67a18949d67a588deae27239192c3595a2
matching-07,a44fa8d57132428fa004c0310cf2ffac,cheap-w1-c0-r0,cheap,1,0,warmup,0,0,candidate,387328,48534,18.32666425,18392444334,3f7529a334f0650fb88a7512d6505e67a18949d67a588deae27239192c3595a2
matching-07,a44fa8d57132428fa004c0310cf2ffac,cheap-w1-c0-r0,cheap,1,0,sample,0,0,baseline,387328,48534,18.449856292,18514295375,3f7529a334f0650fb88a7512d6505e67a18949d67a588deae27239192c3595a2
matching-07,a44fa8d57132428fa004c0310cf2ffac,cheap-w1-c0-r0,cheap,1,0,sample,0,0,candidate,387328,48534,18.224118833,18287488000,3f7529a334f0650fb88a7512d6505e67a18949d67a588deae27239192c3595a2
matching-07,a44fa8d57132428fa004c0310cf2ffac,cheap-w1-c0-r0,cheap,1,0,sample,1,0,candidate,387328,48534,18.201787958,18293806958,3f7529a334f0650fb88a7512d6505e67a18949d67a588deae27239192c3595a2
matching-07,a44fa8d57132428fa004c0310cf2ffac,cheap-w1-c0-r0,cheap,1,0,sample,1,0,baseline,387328,48534,18.282069959,18346959709,3f7529a334f0650fb88a7512d6505e67a18949d67a588deae27239192c3595a2
matching-07,a44fa8d57132428fa004c0310cf2ffac,cheap-w1-c0-r0,cheap,1,0,sample,2,0,baseline,387328,48534,18.237070958,18299573333,3f7529a334f0650fb88a7512d6505e67a18949d67a588deae27239192c3595a2
matching-07,a44fa8d57132428fa004c0310cf2ffac,cheap-w1-c0-r0,cheap,1,0,sample,2,0,candidate,387328,48534,18.11371575,18176503833,3f7529a334f0650fb88a7512d6505e67a18949d67a588deae27239192c3595a2
matching-07,a44fa8d57132428fa004c0310cf2ffac,cheap-w1-c0-r0,cheap,1,0,sample,3,0,candidate,387328,48534,18.117592208,18180298250,3f7529a334f0650fb88a7512d6505e67a18949d67a588deae27239192c3595a2
matching-07,a44fa8d57132428fa004c0310cf2ffac,cheap-w1-c0-r0,cheap,1,0,sample,3,0,baseline,387328,48534,18.196561625,18259013250,3f7529a334f0650fb88a7512d6505e67a18949d67a588deae27239192c3595a2
