comparison_id,stage,sequence,case,workers,rep,variant,start_index,tested,seconds,wall_seconds,match_count,signature_sha256,equality_scope,query_catalog_sha256,executable_sha256,source_compact_row,source_raw_row,argv
c47-to-repeatable-20260913,controls-01,0,cheap,1,0,baseline,160000000,196608,18.418126467,18.56127375998767,24461,b4ee03de7b60b24ca37600d7b2d6f89cb07bf2e493ea9281e4445ecc2efc6d0d,complete_recipe_witness_records,833c4643caa347265659c1138e04db24c792cdd72cf83f3036b97f324514bd79,d08204a1a3c629d68ccb38cbe6c6b4f10b44ec65f5b42624ae8253e6ba4e5063,0,0,null
c47-to-repeatable-20260913,controls-01,1,cheap,1,0,candidate,160000000,196608,18.375284034,18.52588360698428,24461,b4ee03de7b60b24ca37600d7b2d6f89cb07bf2e493ea9281e4445ecc2efc6d0d,complete_recipe_witness_records,833c4643caa347265659c1138e04db24c792cdd72cf83f3036b97f324514bd79,5f3b27899a4551858809b9f0d1184eff760992ad8060ac05e4a40f53b4f64641,1,1,null
c47-to-repeatable-20260913,controls-01,2,cheap,1,1,candidate,160196608,196608,18.469473771,18.568337611999596,24404,24ec0df72109d8ecf58a9387b133e949c61ea954f7e5f74b71d23c395e0e15b3,complete_recipe_witness_records,833c4643caa347265659c1138e04db24c792cdd72cf83f3036b97f324514bd79,5f3b27899a4551858809b9f0d1184eff760992ad8060ac05e4a40f53b4f64641,2,2,null
c47-to-repeatable-20260913,controls-01,3,cheap,1,1,baseline,160196608,196608,18.620854887,18.723751120996894,24404,24ec0df72109d8ecf58a9387b133e949c61ea954f7e5f74b71d23c395e0e15b3,complete_recipe_witness_records,833c4643caa347265659c1138e04db24c792cdd72cf83f3036b97f324514bd79,d08204a1a3c629d68ccb38cbe6c6b4f10b44ec65f5b42624ae8253e6ba4e5063,3,3,null
c47-to-repeatable-20260913,controls-01,4,cheap,1,2,baseline,160393216,196608,18.363645707,18.466795224987436,24366,1f7d93e8fb32e3f7edf3bbda81d47695e2941f3392b8cc6c0544c6e783e85b4d,complete_recipe_witness_records,833c4643caa347265659c1138e04db24c792cdd72cf83f3036b97f324514bd79,d08204a1a3c629d68ccb38cbe6c6b4f10b44ec65f5b42624ae8253e6ba4e5063,4,4,null
c47-to-repeatable-20260913,controls-01,5,cheap,1,2,candidate,160393216,196608,18.295581555,18.414801856997656,24366,1f7d93e8fb32e3f7edf3bbda81d47695e2941f3392b8cc6c0544c6e783e85b4d,complete_recipe_witness_records,833c4643caa347265659c1138e04db24c792cdd72cf83f3036b97f324514bd79,5f3b27899a4551858809b9f0d1184eff760992ad8060ac05e4a40f53b4f64641,5,5,null
c47-to-repeatable-20260913,controls-01,6,cheap,1,3,candidate,160589824,196608,18.503410491,18.61843565199524,24453,18b100b07ea32b60f9bf2c6d218e61b806bc81977603545ad40a5b9fa13814a2,complete_recipe_witness_records,833c4643caa347265659c1138e04db24c792cdd72cf83f3036b97f324514bd79,5f3b27899a4551858809b9f0d1184eff760992ad8060ac05e4a40f53b4f64641,6,6,null
c47-to-repeatable-20260913,controls-01,7,cheap,1,3,baseline,160589824,196608,18.827151633,18.953634479024913,24453,18b100b07ea32b60f9bf2c6d218e61b806bc81977603545ad40a5b9fa13814a2,complete_recipe_witness_records,833c4643caa347265659c1138e04db24c792cdd72cf83f3036b97f324514bd79,d08204a1a3c629d68ccb38cbe6c6b4f10b44ec65f5b42624ae8253e6ba4e5063,7,7,null
c47-to-repeatable-20260913,controls-01,8,early,1,0,baseline,160000000,49152,17.872717109,17.885309987992514,1265,1af8026338d50ea5ffa707b3c289ff1350cfae6f6cc9437f95967157526dd949,complete_recipe_witness_records,833c4643caa347265659c1138e04db24c792cdd72cf83f3036b97f324514bd79,d08204a1a3c629d68ccb38cbe6c6b4f10b44ec65f5b42624ae8253e6ba4e5063,8,8,null
c47-to-repeatable-20260913,controls-01,9,early,1,0,candidate,160000000,49152,17.716990191,17.737783910008147,1265,1af8026338d50ea5ffa707b3c289ff1350cfae6f6cc9437f95967157526dd949,complete_recipe_witness_records,833c4643caa347265659c1138e04db24c792cdd72cf83f3036b97f324514bd79,5f3b27899a4551858809b9f0d1184eff760992ad8060ac05e4a40f53b4f64641,9,9,null
c47-to-repeatable-20260913,controls-01,10,early,1,1,candidate,160049152,49152,17.603531442,17.613429788994836,1224,4924533ac1e78e69af0afc8200d2c195cf089c2f3ccb975afdaaac5e51f3e554,complete_recipe_witness_records,833c4643caa347265659c1138e04db24c792cdd72cf83f3036b97f324514bd79,5f3b27899a4551858809b9f0d1184eff760992ad8060ac05e4a40f53b4f64641,10,10,null
c47-to-repeatable-20260913,controls-01,11,early,1,1,baseline,160049152,49152,17.913679154,17.925486755004385,1224,4924533ac1e78e69af0afc8200d2c195cf089c2f3ccb975afdaaac5e51f3e554,complete_recipe_witness_records,833c4643caa347265659c1138e04db24c792cdd72cf83f3036b97f324514bd79,d08204a1a3c629d68ccb38cbe6c6b4f10b44ec65f5b42624ae8253e6ba4e5063,11,11,null
c47-to-repeatable-20260913,controls-01,12,early,1,2,baseline,160098304,49152,18.13304082,18.14458284000284,1238,da3db95ccb2db76435638c5b7b243d512a4d4d27694bc2c98d9f4e9266c8f0e1,complete_recipe_witness_records,833c4643caa347265659c1138e04db24c792cdd72cf83f3036b97f324514bd79,d08204a1a3c629d68ccb38cbe6c6b4f10b44ec65f5b42624ae8253e6ba4e5063,12,12,null
c47-to-repeatable-20260913,controls-01,13,early,1,2,candidate,160098304,49152,17.739357411,17.751133005018346,1238,da3db95ccb2db76435638c5b7b243d512a4d4d27694bc2c98d9f4e9266c8f0e1,complete_recipe_witness_records,833c4643caa347265659c1138e04db24c792cdd72cf83f3036b97f324514bd79,5f3b27899a4551858809b9f0d1184eff760992ad8060ac05e4a40f53b4f64641,13,13,null
c47-to-repeatable-20260913,controls-01,14,early,1,3,candidate,160147456,49152,17.883999723,17.894309533003252,1314,c127265516d8dd8c964293a51ddddcc7a1cea84a917e6ecc594a1ec790216f12,complete_recipe_witness_records,833c4643caa347265659c1138e04db24c792cdd72cf83f3036b97f324514bd79,5f3b27899a4551858809b9f0d1184eff760992ad8060ac05e4a40f53b4f64641,14,14,null
c47-to-repeatable-20260913,controls-01,15,early,1,3,baseline,160147456,49152,17.97060839,17.9840705699753,1314,c127265516d8dd8c964293a51ddddcc7a1cea84a917e6ecc594a1ec790216f12,complete_recipe_witness_records,833c4643caa347265659c1138e04db24c792cdd72cf83f3036b97f324514bd79,d08204a1a3c629d68ccb38cbe6c6b4f10b44ec65f5b42624ae8253e6ba4e5063,15,15,null
c47-to-repeatable-20260913,controls-01,16,cheap,8,0,baseline,160000000,1572864,18.781563821,20.204712678998476,195200,c76d15ce8270f5859216924aec4841e14779fb22d7dec4732a0797c462264bc6,complete_recipe_witness_records,833c4643caa347265659c1138e04db24c792cdd72cf83f3036b97f324514bd79,d08204a1a3c629d68ccb38cbe6c6b4f10b44ec65f5b42624ae8253e6ba4e5063,16,16,null
c47-to-repeatable-20260913,controls-01,17,cheap,8,0,candidate,160000000,1572864,18.799362246,20.116276026004925,195200,c76d15ce8270f5859216924aec4841e14779fb22d7dec4732a0797c462264bc6,complete_recipe_witness_records,833c4643caa347265659c1138e04db24c792cdd72cf83f3036b97f324514bd79,5f3b27899a4551858809b9f0d1184eff760992ad8060ac05e4a40f53b4f64641,17,17,null
c47-to-repeatable-20260913,controls-01,18,cheap,8,1,candidate,161572864,1572864,18.711857096,20.00795361099881,195740,31b6df5e239866411016a813da81a8b30011598f85df3af64916045b1bac9b2d,complete_recipe_witness_records,833c4643caa347265659c1138e04db24c792cdd72cf83f3036b97f324514bd79,5f3b27899a4551858809b9f0d1184eff760992ad8060ac05e4a40f53b4f64641,18,18,null
c47-to-repeatable-20260913,controls-01,19,cheap,8,1,baseline,161572864,1572864,18.771393333,19.99349681698368,195740,31b6df5e239866411016a813da81a8b30011598f85df3af64916045b1bac9b2d,complete_recipe_witness_records,833c4643caa347265659c1138e04db24c792cdd72cf83f3036b97f324514bd79,d08204a1a3c629d68ccb38cbe6c6b4f10b44ec65f5b42624ae8253e6ba4e5063,19,19,null
c47-to-repeatable-20260913,controls-01,20,cheap,8,2,baseline,163145728,1572864,18.992970494,20.22443375000148,196106,2643cc726cd272cc4ed53eb42a626aa3445f38e8874373b1fc2a019b7220a7a2,complete_recipe_witness_records,833c4643caa347265659c1138e04db24c792cdd72cf83f3036b97f324514bd79,d08204a1a3c629d68ccb38cbe6c6b4f10b44ec65f5b42624ae8253e6ba4e5063,20,20,null
c47-to-repeatable-20260913,controls-01,21,cheap,8,2,candidate,163145728,1572864,19.020761202,20.29042622502311,196106,2643cc726cd272cc4ed53eb42a626aa3445f38e8874373b1fc2a019b7220a7a2,complete_recipe_witness_records,833c4643caa347265659c1138e04db24c792cdd72cf83f3036b97f324514bd79,5f3b27899a4551858809b9f0d1184eff760992ad8060ac05e4a40f53b4f64641,21,21,null
c47-to-repeatable-20260913,controls-01,22,cheap,8,3,candidate,164718592,1572864,18.824905074,20.062058320007054,196081,fd2e3562aed5897ceb3c8edcf6799de84471c99668812055774f0d10796db12b,complete_recipe_witness_records,833c4643caa347265659c1138e04db24c792cdd72cf83f3036b97f324514bd79,5f3b27899a4551858809b9f0d1184eff760992ad8060ac05e4a40f53b4f64641,22,22,null
c47-to-repeatable-20260913,controls-01,23,cheap,8,3,baseline,164718592,1572864,19.112414733,20.359368802019162,196081,fd2e3562aed5897ceb3c8edcf6799de84471c99668812055774f0d10796db12b,complete_recipe_witness_records,833c4643caa347265659c1138e04db24c792cdd72cf83f3036b97f324514bd79,d08204a1a3c629d68ccb38cbe6c6b4f10b44ec65f5b42624ae8253e6ba4e5063,23,23,null
c47-to-repeatable-20260913,controls-01,24,early,8,0,baseline,160000000,393216,18.569238309,18.665914388984675,10006,23237e0ea0c6c92eca28ec49c2b79fe0a86b4df4e840ddcdfa9567aca0aa8582,complete_recipe_witness_records,833c4643caa347265659c1138e04db24c792cdd72cf83f3036b97f324514bd79,d08204a1a3c629d68ccb38cbe6c6b4f10b44ec65f5b42624ae8253e6ba4e5063,24,24,null
c47-to-repeatable-20260913,controls-01,25,early,8,0,candidate,160000000,393216,18.382008474,18.512517294991994,10006,23237e0ea0c6c92eca28ec49c2b79fe0a86b4df4e840ddcdfa9567aca0aa8582,complete_recipe_witness_records,833c4643caa347265659c1138e04db24c792cdd72cf83f3036b97f324514bd79,5f3b27899a4551858809b9f0d1184eff760992ad8060ac05e4a40f53b4f64641,25,25,null
c47-to-repeatable-20260913,controls-01,26,early,8,1,candidate,160393216,393216,18.690455266,18.778992316976655,9739,9926a993785cfad81cf3a11009371995199a99dbaf55bec9496d741ef85922f1,complete_recipe_witness_records,833c4643caa347265659c1138e04db24c792cdd72cf83f3036b97f324514bd79,5f3b27899a4551858809b9f0d1184eff760992ad8060ac05e4a40f53b4f64641,26,26,null
c47-to-repeatable-20260913,controls-01,27,early,8,1,baseline,160393216,393216,18.594787799,18.69273060298292,9739,9926a993785cfad81cf3a11009371995199a99dbaf55bec9496d741ef85922f1,complete_recipe_witness_records,833c4643caa347265659c1138e04db24c792cdd72cf83f3036b97f324514bd79,d08204a1a3c629d68ccb38cbe6c6b4f10b44ec65f5b42624ae8253e6ba4e5063,27,27,null
c47-to-repeatable-20260913,controls-01,28,early,8,2,baseline,160786432,393216,18.399777775,18.49098917702213,9914,92ca6e341e0c2b96ef9098deb135d135453516da3159a648a6249b1a49bf2dcb,complete_recipe_witness_records,833c4643caa347265659c1138e04db24c792cdd72cf83f3036b97f324514bd79,d08204a1a3c629d68ccb38cbe6c6b4f10b44ec65f5b42624ae8253e6ba4e5063,28,28,null
c47-to-repeatable-20260913,controls-01,29,early,8,2,candidate,160786432,393216,18.704128143,18.815545429009944,9914,92ca6e341e0c2b96ef9098deb135d135453516da3159a648a6249b1a49bf2dcb,complete_recipe_witness_records,833c4643caa347265659c1138e04db24c792cdd72cf83f3036b97f324514bd79,5f3b27899a4551858809b9f0d1184eff760992ad8060ac05e4a40f53b4f64641,29,29,null
c47-to-repeatable-20260913,controls-01,30,early,8,3,candidate,161179648,393216,18.555986865,18.638240761996713,9866,4deea0184857c24e876c09de18703382ab83c639de63d373fccdf80487252796,complete_recipe_witness_records,833c4643caa347265659c1138e04db24c792cdd72cf83f3036b97f324514bd79,5f3b27899a4551858809b9f0d1184eff760992ad8060ac05e4a40f53b4f64641,30,30,null
c47-to-repeatable-20260913,controls-01,31,early,8,3,baseline,161179648,393216,18.264768719,18.35946139099542,9866,4deea0184857c24e876c09de18703382ab83c639de63d373fccdf80487252796,complete_recipe_witness_records,833c4643caa347265659c1138e04db24c792cdd72cf83f3036b97f324514bd79,d08204a1a3c629d68ccb38cbe6c6b4f10b44ec65f5b42624ae8253e6ba4e5063,31,31,null
c47-to-repeatable-20260913,targets-w1-01,0,six_min,1,0,baseline,160000000,196608,25.50905602,25.570418476010673,1,ae5ece4c7530dc0425565ec2b768da57dd46312d01fffe3900bb0f6d3ff10163,complete_recipe_witness_records,5d6096f6e5ad332d2255622c141f9ef6aa203a0d8543a9609d32147d6de59d40,d08204a1a3c629d68ccb38cbe6c6b4f10b44ec65f5b42624ae8253e6ba4e5063,32,0,null
c47-to-repeatable-20260913,targets-w1-01,1,six_min,1,0,candidate,160000000,196608,23.387455024,23.432115506002447,1,ae5ece4c7530dc0425565ec2b768da57dd46312d01fffe3900bb0f6d3ff10163,complete_recipe_witness_records,5d6096f6e5ad332d2255622c141f9ef6aa203a0d8543a9609d32147d6de59d40,5f3b27899a4551858809b9f0d1184eff760992ad8060ac05e4a40f53b4f64641,33,1,null
c47-to-repeatable-20260913,targets-w1-01,2,six_min,1,1,candidate,160196608,196608,23.016397041,23.046660435997183,1,c8b5315cb30c13d086640cdfa6e126083830899874b7e483edf5f6580657c6c1,complete_recipe_witness_records,5d6096f6e5ad332d2255622c141f9ef6aa203a0d8543a9609d32147d6de59d40,5f3b27899a4551858809b9f0d1184eff760992ad8060ac05e4a40f53b4f64641,34,2,null
c47-to-repeatable-20260913,targets-w1-01,3,six_min,1,1,baseline,160196608,196608,25.320597895,25.35542738100048,1,c8b5315cb30c13d086640cdfa6e126083830899874b7e483edf5f6580657c6c1,complete_recipe_witness_records,5d6096f6e5ad332d2255622c141f9ef6aa203a0d8543a9609d32147d6de59d40,d08204a1a3c629d68ccb38cbe6c6b4f10b44ec65f5b42624ae8253e6ba4e5063,35,3,null
c47-to-repeatable-20260913,targets-w1-01,4,six_min,1,2,baseline,160393216,196608,25.826331596,25.85770643298747,0,4f53cda18c2baa0c0354bb5f9a3ecbe5ed12ab4d8e11ba873c2f11161202b945,complete_recipe_witness_records,5d6096f6e5ad332d2255622c141f9ef6aa203a0d8543a9609d32147d6de59d40,d08204a1a3c629d68ccb38cbe6c6b4f10b44ec65f5b42624ae8253e6ba4e5063,36,4,null
c47-to-repeatable-20260913,targets-w1-01,5,six_min,1,2,candidate,160393216,196608,23.090470466,23.121119369985536,0,4f53cda18c2baa0c0354bb5f9a3ecbe5ed12ab4d8e11ba873c2f11161202b945,complete_recipe_witness_records,5d6096f6e5ad332d2255622c141f9ef6aa203a0d8543a9609d32147d6de59d40,5f3b27899a4551858809b9f0d1184eff760992ad8060ac05e4a40f53b4f64641,37,5,null
c47-to-repeatable-20260913,targets-w1-01,6,six_min,1,3,candidate,160589824,196608,22.848804595,22.88289967100718,1,1828aac4b37e775254913ace01e2e5806c3886d03563c4aa632d45c9e2440935,complete_recipe_witness_records,5d6096f6e5ad332d2255622c141f9ef6aa203a0d8543a9609d32147d6de59d40,5f3b27899a4551858809b9f0d1184eff760992ad8060ac05e4a40f53b4f64641,38,6,null
c47-to-repeatable-20260913,targets-w1-01,7,six_min,1,3,baseline,160589824,196608,25.300965313,25.32865977101028,1,1828aac4b37e775254913ace01e2e5806c3886d03563c4aa632d45c9e2440935,complete_recipe_witness_records,5d6096f6e5ad332d2255622c141f9ef6aa203a0d8543a9609d32147d6de59d40,d08204a1a3c629d68ccb38cbe6c6b4f10b44ec65f5b42624ae8253e6ba4e5063,39,7,null
c47-to-repeatable-20260913,targets-w1-01,8,six_exact,1,0,baseline,160000000,196608,25.46572615,25.494220318010775,1,ae5ece4c7530dc0425565ec2b768da57dd46312d01fffe3900bb0f6d3ff10163,complete_recipe_witness_records,5d6096f6e5ad332d2255622c141f9ef6aa203a0d8543a9609d32147d6de59d40,d08204a1a3c629d68ccb38cbe6c6b4f10b44ec65f5b42624ae8253e6ba4e5063,40,8,null
c47-to-repeatable-20260913,targets-w1-01,9,six_exact,1,0,candidate,160000000,196608,23.005650863,23.057390779984416,1,ae5ece4c7530dc0425565ec2b768da57dd46312d01fffe3900bb0f6d3ff10163,complete_recipe_witness_records,5d6096f6e5ad332d2255622c141f9ef6aa203a0d8543a9609d32147d6de59d40,5f3b27899a4551858809b9f0d1184eff760992ad8060ac05e4a40f53b4f64641,41,9,null
c47-to-repeatable-20260913,targets-w1-01,10,six_exact,1,1,candidate,160196608,196608,23.28256864,23.317921254987596,1,c8b5315cb30c13d086640cdfa6e126083830899874b7e483edf5f6580657c6c1,complete_recipe_witness_records,5d6096f6e5ad332d2255622c141f9ef6aa203a0d8543a9609d32147d6de59d40,5f3b27899a4551858809b9f0d1184eff760992ad8060ac05e4a40f53b4f64641,42,10,null
c47-to-repeatable-20260913,targets-w1-01,11,six_exact,1,1,baseline,160196608,196608,25.584645947,25.62119206500938,1,c8b5315cb30c13d086640cdfa6e126083830899874b7e483edf5f6580657c6c1,complete_recipe_witness_records,5d6096f6e5ad332d2255622c141f9ef6aa203a0d8543a9609d32147d6de59d40,d08204a1a3c629d68ccb38cbe6c6b4f10b44ec65f5b42624ae8253e6ba4e5063,43,11,null
c47-to-repeatable-20260913,targets-w1-01,12,six_exact,1,2,baseline,160393216,196608,25.265624287,25.299580335995415,0,4f53cda18c2baa0c0354bb5f9a3ecbe5ed12ab4d8e11ba873c2f11161202b945,complete_recipe_witness_records,5d6096f6e5ad332d2255622c141f9ef6aa203a0d8543a9609d32147d6de59d40,d08204a1a3c629d68ccb38cbe6c6b4f10b44ec65f5b42624ae8253e6ba4e5063,44,12,null
c47-to-repeatable-20260913,targets-w1-01,13,six_exact,1,2,candidate,160393216,196608,23.118892413,23.152552488987567,0,4f53cda18c2baa0c0354bb5f9a3ecbe5ed12ab4d8e11ba873c2f11161202b945,complete_recipe_witness_records,5d6096f6e5ad332d2255622c141f9ef6aa203a0d8543a9609d32147d6de59d40,5f3b27899a4551858809b9f0d1184eff760992ad8060ac05e4a40f53b4f64641,45,13,null
c47-to-repeatable-20260913,targets-w1-01,14,six_exact,1,3,candidate,160589824,196608,22.90367274,22.937811829004204,1,1828aac4b37e775254913ace01e2e5806c3886d03563c4aa632d45c9e2440935,complete_recipe_witness_records,5d6096f6e5ad332d2255622c141f9ef6aa203a0d8543a9609d32147d6de59d40,5f3b27899a4551858809b9f0d1184eff760992ad8060ac05e4a40f53b4f64641,46,14,null
c47-to-repeatable-20260913,targets-w1-01,15,six_exact,1,3,baseline,160589824,196608,25.885253926,25.917755545990076,1,1828aac4b37e775254913ace01e2e5806c3886d03563c4aa632d45c9e2440935,complete_recipe_witness_records,5d6096f6e5ad332d2255622c141f9ef6aa203a0d8543a9609d32147d6de59d40,d08204a1a3c629d68ccb38cbe6c6b4f10b44ec65f5b42624ae8253e6ba4e5063,47,15,null
c47-to-repeatable-20260913,targets-w8-01,0,six_min,8,0,baseline,160000000,1048576,17.747842424,18.094156271021347,3,bfaf63bedf91d22c59a4117fbf2f65a170aee46cd9a59c6ade07f4d82a8c4b83,complete_recipe_witness_records,5d6096f6e5ad332d2255622c141f9ef6aa203a0d8543a9609d32147d6de59d40,d08204a1a3c629d68ccb38cbe6c6b4f10b44ec65f5b42624ae8253e6ba4e5063,48,0,null
c47-to-repeatable-20260913,targets-w8-01,1,six_min,8,0,candidate,160000000,1048576,15.948964802999999,16.20840657799272,3,bfaf63bedf91d22c59a4117fbf2f65a170aee46cd9a59c6ade07f4d82a8c4b83,complete_recipe_witness_records,5d6096f6e5ad332d2255622c141f9ef6aa203a0d8543a9609d32147d6de59d40,5f3b27899a4551858809b9f0d1184eff760992ad8060ac05e4a40f53b4f64641,49,1,null
c47-to-repeatable-20260913,targets-w8-01,2,six_min,8,1,candidate,161048576,1048576,15.968402784,16.182046407979215,5,fcfd73bf79dda0127b30a5082c4c54f62b9ddb7feae97117324ffc9b1f300304,complete_recipe_witness_records,5d6096f6e5ad332d2255622c141f9ef6aa203a0d8543a9609d32147d6de59d40,5f3b27899a4551858809b9f0d1184eff760992ad8060ac05e4a40f53b4f64641,50,2,null
c47-to-repeatable-20260913,targets-w8-01,3,six_min,8,1,baseline,161048576,1048576,17.672117491,17.869927263993304,5,fcfd73bf79dda0127b30a5082c4c54f62b9ddb7feae97117324ffc9b1f300304,complete_recipe_witness_records,5d6096f6e5ad332d2255622c141f9ef6aa203a0d8543a9609d32147d6de59d40,d08204a1a3c629d68ccb38cbe6c6b4f10b44ec65f5b42624ae8253e6ba4e5063,51,3,null
c47-to-repeatable-20260913,targets-w8-01,4,six_min,8,2,baseline,162097152,1048576,17.671880742,17.83906816400122,1,57c2e60d5311b7701feb02cc2ec20fab27c1a7e589bbb93e0dd77539535d09fb,complete_recipe_witness_records,5d6096f6e5ad332d2255622c141f9ef6aa203a0d8543a9609d32147d6de59d40,d08204a1a3c629d68ccb38cbe6c6b4f10b44ec65f5b42624ae8253e6ba4e5063,52,4,null
c47-to-repeatable-20260913,targets-w8-01,5,six_min,8,2,candidate,162097152,1048576,15.841845816,16.04567513000802,1,57c2e60d5311b7701feb02cc2ec20fab27c1a7e589bbb93e0dd77539535d09fb,complete_recipe_witness_records,5d6096f6e5ad332d2255622c141f9ef6aa203a0d8543a9609d32147d6de59d40,5f3b27899a4551858809b9f0d1184eff760992ad8060ac05e4a40f53b4f64641,53,5,null
c47-to-repeatable-20260913,targets-w8-01,6,six_min,8,3,candidate,163145728,1048576,15.77853013,16.04514344900963,1,9b7811b20b07abf57f7fe31d41619016a67afacadafc5523f6f3bf619aeca85e,complete_recipe_witness_records,5d6096f6e5ad332d2255622c141f9ef6aa203a0d8543a9609d32147d6de59d40,5f3b27899a4551858809b9f0d1184eff760992ad8060ac05e4a40f53b4f64641,54,6,null
c47-to-repeatable-20260913,targets-w8-01,7,six_min,8,3,baseline,163145728,1048576,17.368525876,17.573773314012215,1,9b7811b20b07abf57f7fe31d41619016a67afacadafc5523f6f3bf619aeca85e,complete_recipe_witness_records,5d6096f6e5ad332d2255622c141f9ef6aa203a0d8543a9609d32147d6de59d40,d08204a1a3c629d68ccb38cbe6c6b4f10b44ec65f5b42624ae8253e6ba4e5063,55,7,null
c47-to-repeatable-20260913,targets-w8-01,8,six_exact,8,0,baseline,160000000,1048576,17.525853089,17.731572335003875,3,bfaf63bedf91d22c59a4117fbf2f65a170aee46cd9a59c6ade07f4d82a8c4b83,complete_recipe_witness_records,5d6096f6e5ad332d2255622c141f9ef6aa203a0d8543a9609d32147d6de59d40,d08204a1a3c629d68ccb38cbe6c6b4f10b44ec65f5b42624ae8253e6ba4e5063,56,8,null
c47-to-repeatable-20260913,targets-w8-01,9,six_exact,8,0,candidate,160000000,1048576,15.748538684,15.994307077984558,3,bfaf63bedf91d22c59a4117fbf2f65a170aee46cd9a59c6ade07f4d82a8c4b83,complete_recipe_witness_records,5d6096f6e5ad332d2255622c141f9ef6aa203a0d8543a9609d32147d6de59d40,5f3b27899a4551858809b9f0d1184eff760992ad8060ac05e4a40f53b4f64641,57,9,null
c47-to-repeatable-20260913,targets-w8-01,10,six_exact,8,1,candidate,161048576,1048576,15.949394569,16.18562616800773,5,fcfd73bf79dda0127b30a5082c4c54f62b9ddb7feae97117324ffc9b1f300304,complete_recipe_witness_records,5d6096f6e5ad332d2255622c141f9ef6aa203a0d8543a9609d32147d6de59d40,5f3b27899a4551858809b9f0d1184eff760992ad8060ac05e4a40f53b4f64641,58,10,null
c47-to-repeatable-20260913,targets-w8-01,11,six_exact,8,1,baseline,161048576,1048576,17.487778457,17.688798437011428,5,fcfd73bf79dda0127b30a5082c4c54f62b9ddb7feae97117324ffc9b1f300304,complete_recipe_witness_records,5d6096f6e5ad332d2255622c141f9ef6aa203a0d8543a9609d32147d6de59d40,d08204a1a3c629d68ccb38cbe6c6b4f10b44ec65f5b42624ae8253e6ba4e5063,59,11,null
c47-to-repeatable-20260913,targets-w8-01,12,six_exact,8,2,baseline,162097152,1048576,17.723900012,17.917020409018733,1,57c2e60d5311b7701feb02cc2ec20fab27c1a7e589bbb93e0dd77539535d09fb,complete_recipe_witness_records,5d6096f6e5ad332d2255622c141f9ef6aa203a0d8543a9609d32147d6de59d40,d08204a1a3c629d68ccb38cbe6c6b4f10b44ec65f5b42624ae8253e6ba4e5063,60,12,null
c47-to-repeatable-20260913,targets-w8-01,13,six_exact,8,2,candidate,162097152,1048576,15.935556942,16.13943925697822,1,57c2e60d5311b7701feb02cc2ec20fab27c1a7e589bbb93e0dd77539535d09fb,complete_recipe_witness_records,5d6096f6e5ad332d2255622c141f9ef6aa203a0d8543a9609d32147d6de59d40,5f3b27899a4551858809b9f0d1184eff760992ad8060ac05e4a40f53b4f64641,61,13,null
c47-to-repeatable-20260913,targets-w8-01,14,six_exact,8,3,candidate,163145728,1048576,15.944142042,16.25120282600983,1,9b7811b20b07abf57f7fe31d41619016a67afacadafc5523f6f3bf619aeca85e,complete_recipe_witness_records,5d6096f6e5ad332d2255622c141f9ef6aa203a0d8543a9609d32147d6de59d40,5f3b27899a4551858809b9f0d1184eff760992ad8060ac05e4a40f53b4f64641,62,14,null
c47-to-repeatable-20260913,targets-w8-01,15,six_exact,8,3,baseline,163145728,1048576,17.575492652,17.777210594998905,1,9b7811b20b07abf57f7fe31d41619016a67afacadafc5523f6f3bf619aeca85e,complete_recipe_witness_records,5d6096f6e5ad332d2255622c141f9ef6aa203a0d8543a9609d32147d6de59d40,d08204a1a3c629d68ccb38cbe6c6b4f10b44ec65f5b42624ae8253e6ba4e5063,63,15,null
c47-to-repeatable-20260913,production-controls-01,0,cli,1,0,baseline,0,6144,16.443,16.445818125997903,147,263d3f818bf5c5a01ad263d86e0ef7242d7767658a45aaf232c14edbf6012b3e,cli_count_only,833c4643caa347265659c1138e04db24c792cdd72cf83f3036b97f324514bd79,3f3644dfcbd847a44395b2c4bcd35af4af16f1e67dc52fdf071bb0628595f00b,64,0,"[""/tmp/seed-perf-ae0cb0c/repeatable-20260913/baseline/seed-seeker"",""--benchmark"",""6144"",""--workers"",""1""]"
c47-to-repeatable-20260913,production-controls-01,1,cli,1,0,candidate,0,6144,16.349,16.35171981100575,147,263d3f818bf5c5a01ad263d86e0ef7242d7767658a45aaf232c14edbf6012b3e,cli_count_only,833c4643caa347265659c1138e04db24c792cdd72cf83f3036b97f324514bd79,67c83a1f63e25c805eb5d5ded42ca70dcc0152b9e730cd49088ae7fde22d8eac,65,1,"[""/tmp/seed-perf-ae0cb0c/repeatable-20260913/candidate/seed-seeker"",""--benchmark"",""6144"",""--workers"",""1""]"
c47-to-repeatable-20260913,production-controls-01,2,cli,1,1,candidate,0,6144,16.515,16.51733435600181,147,263d3f818bf5c5a01ad263d86e0ef7242d7767658a45aaf232c14edbf6012b3e,cli_count_only,833c4643caa347265659c1138e04db24c792cdd72cf83f3036b97f324514bd79,67c83a1f63e25c805eb5d5ded42ca70dcc0152b9e730cd49088ae7fde22d8eac,66,2,"[""/tmp/seed-perf-ae0cb0c/repeatable-20260913/candidate/seed-seeker"",""--benchmark"",""6144"",""--workers"",""1""]"
c47-to-repeatable-20260913,production-controls-01,3,cli,1,1,baseline,0,6144,16.469,16.471830034977756,147,263d3f818bf5c5a01ad263d86e0ef7242d7767658a45aaf232c14edbf6012b3e,cli_count_only,833c4643caa347265659c1138e04db24c792cdd72cf83f3036b97f324514bd79,3f3644dfcbd847a44395b2c4bcd35af4af16f1e67dc52fdf071bb0628595f00b,67,3,"[""/tmp/seed-perf-ae0cb0c/repeatable-20260913/baseline/seed-seeker"",""--benchmark"",""6144"",""--workers"",""1""]"
c47-to-repeatable-20260913,production-controls-01,4,cli,1,2,baseline,0,6144,16.402,16.40523497000686,147,263d3f818bf5c5a01ad263d86e0ef7242d7767658a45aaf232c14edbf6012b3e,cli_count_only,833c4643caa347265659c1138e04db24c792cdd72cf83f3036b97f324514bd79,3f3644dfcbd847a44395b2c4bcd35af4af16f1e67dc52fdf071bb0628595f00b,68,4,"[""/tmp/seed-perf-ae0cb0c/repeatable-20260913/baseline/seed-seeker"",""--benchmark"",""6144"",""--workers"",""1""]"
c47-to-repeatable-20260913,production-controls-01,5,cli,1,2,candidate,0,6144,16.331,16.333465217001503,147,263d3f818bf5c5a01ad263d86e0ef7242d7767658a45aaf232c14edbf6012b3e,cli_count_only,833c4643caa347265659c1138e04db24c792cdd72cf83f3036b97f324514bd79,67c83a1f63e25c805eb5d5ded42ca70dcc0152b9e730cd49088ae7fde22d8eac,69,5,"[""/tmp/seed-perf-ae0cb0c/repeatable-20260913/candidate/seed-seeker"",""--benchmark"",""6144"",""--workers"",""1""]"
c47-to-repeatable-20260913,production-controls-01,6,cli,1,3,candidate,0,6144,16.378,16.38095880500623,147,263d3f818bf5c5a01ad263d86e0ef7242d7767658a45aaf232c14edbf6012b3e,cli_count_only,833c4643caa347265659c1138e04db24c792cdd72cf83f3036b97f324514bd79,67c83a1f63e25c805eb5d5ded42ca70dcc0152b9e730cd49088ae7fde22d8eac,70,6,"[""/tmp/seed-perf-ae0cb0c/repeatable-20260913/candidate/seed-seeker"",""--benchmark"",""6144"",""--workers"",""1""]"
c47-to-repeatable-20260913,production-controls-01,7,cli,1,3,baseline,0,6144,16.311,16.313995284988778,147,263d3f818bf5c5a01ad263d86e0ef7242d7767658a45aaf232c14edbf6012b3e,cli_count_only,833c4643caa347265659c1138e04db24c792cdd72cf83f3036b97f324514bd79,3f3644dfcbd847a44395b2c4bcd35af4af16f1e67dc52fdf071bb0628595f00b,71,7,"[""/tmp/seed-perf-ae0cb0c/repeatable-20260913/baseline/seed-seeker"",""--benchmark"",""6144"",""--workers"",""1""]"
c47-to-repeatable-20260913,production-controls-01,8,blade_might_auto,1,0,baseline,160000000,6144,17.494265972,17.49773858799017,1,6867b9564226dbc3310c8c5a262164b4b7292f41739b2561b38548cb5e919ae2,complete_recipe_witness_records,833c4643caa347265659c1138e04db24c792cdd72cf83f3036b97f324514bd79,d08204a1a3c629d68ccb38cbe6c6b4f10b44ec65f5b42624ae8253e6ba4e5063,72,8,null
c47-to-repeatable-20260913,production-controls-01,9,blade_might_auto,1,0,candidate,160000000,6144,17.26225675,17.26568425600999,1,6867b9564226dbc3310c8c5a262164b4b7292f41739b2561b38548cb5e919ae2,complete_recipe_witness_records,833c4643caa347265659c1138e04db24c792cdd72cf83f3036b97f324514bd79,5f3b27899a4551858809b9f0d1184eff760992ad8060ac05e4a40f53b4f64641,73,9,null
c47-to-repeatable-20260913,production-controls-01,10,blade_might_auto,1,1,candidate,160006144,6144,17.339530293,17.34051210701,3,57d638df33398bdcd29e2158b8218cb2a59a66dd570d9786b785bb54fe6bd2d0,complete_recipe_witness_records,833c4643caa347265659c1138e04db24c792cdd72cf83f3036b97f324514bd79,5f3b27899a4551858809b9f0d1184eff760992ad8060ac05e4a40f53b4f64641,74,10,null
c47-to-repeatable-20260913,production-controls-01,11,blade_might_auto,1,1,baseline,160006144,6144,17.49303548,17.493989571987186,3,57d638df33398bdcd29e2158b8218cb2a59a66dd570d9786b785bb54fe6bd2d0,complete_recipe_witness_records,833c4643caa347265659c1138e04db24c792cdd72cf83f3036b97f324514bd79,d08204a1a3c629d68ccb38cbe6c6b4f10b44ec65f5b42624ae8253e6ba4e5063,75,11,null
c47-to-repeatable-20260913,production-controls-01,12,blade_might_auto,1,2,baseline,160012288,6144,17.36813937,17.369471821002662,2,a10caa43c191572b6fc283a52673cd8278a0bde81a0f09e344bc071695741879,complete_recipe_witness_records,833c4643caa347265659c1138e04db24c792cdd72cf83f3036b97f324514bd79,d08204a1a3c629d68ccb38cbe6c6b4f10b44ec65f5b42624ae8253e6ba4e5063,76,12,null
c47-to-repeatable-20260913,production-controls-01,13,blade_might_auto,1,2,candidate,160012288,6144,17.702495569,17.703455868992023,2,a10caa43c191572b6fc283a52673cd8278a0bde81a0f09e344bc071695741879,complete_recipe_witness_records,833c4643caa347265659c1138e04db24c792cdd72cf83f3036b97f324514bd79,5f3b27899a4551858809b9f0d1184eff760992ad8060ac05e4a40f53b4f64641,77,13,null
c47-to-repeatable-20260913,production-controls-01,14,blade_might_auto,1,3,candidate,160018432,6144,17.067464458,17.068514946004143,3,62324b6398fa6effd5d1a69975b7fca01b5c9c3540a8cb01d351e5ff803707fa,complete_recipe_witness_records,833c4643caa347265659c1138e04db24c792cdd72cf83f3036b97f324514bd79,5f3b27899a4551858809b9f0d1184eff760992ad8060ac05e4a40f53b4f64641,78,14,null
c47-to-repeatable-20260913,production-controls-01,15,blade_might_auto,1,3,baseline,160018432,6144,17.262386358,17.263309712987393,3,62324b6398fa6effd5d1a69975b7fca01b5c9c3540a8cb01d351e5ff803707fa,complete_recipe_witness_records,833c4643caa347265659c1138e04db24c792cdd72cf83f3036b97f324514bd79,d08204a1a3c629d68ccb38cbe6c6b4f10b44ec65f5b42624ae8253e6ba4e5063,79,15,null
c47-to-repeatable-20260913,production-controls-01,16,cli,8,0,baseline,0,49152,17.275,17.280254490993684,1193,d957092e020acc7d09f727fb58244b87ebac700939f5cd8151ffe6b6a7890444,cli_count_only,833c4643caa347265659c1138e04db24c792cdd72cf83f3036b97f324514bd79,3f3644dfcbd847a44395b2c4bcd35af4af16f1e67dc52fdf071bb0628595f00b,80,16,"[""/tmp/seed-perf-ae0cb0c/repeatable-20260913/baseline/seed-seeker"",""--benchmark"",""49152"",""--workers"",""8""]"
c47-to-repeatable-20260913,production-controls-01,17,cli,8,0,candidate,0,49152,16.946,16.949918261001585,1193,d957092e020acc7d09f727fb58244b87ebac700939f5cd8151ffe6b6a7890444,cli_count_only,833c4643caa347265659c1138e04db24c792cdd72cf83f3036b97f324514bd79,67c83a1f63e25c805eb5d5ded42ca70dcc0152b9e730cd49088ae7fde22d8eac,81,17,"[""/tmp/seed-perf-ae0cb0c/repeatable-20260913/candidate/seed-seeker"",""--benchmark"",""49152"",""--workers"",""8""]"
c47-to-repeatable-20260913,production-controls-01,18,cli,8,1,candidate,0,49152,16.578,16.58223025299958,1193,d957092e020acc7d09f727fb58244b87ebac700939f5cd8151ffe6b6a7890444,cli_count_only,833c4643caa347265659c1138e04db24c792cdd72cf83f3036b97f324514bd79,67c83a1f63e25c805eb5d5ded42ca70dcc0152b9e730cd49088ae7fde22d8eac,82,18,"[""/tmp/seed-perf-ae0cb0c/repeatable-20260913/candidate/seed-seeker"",""--benchmark"",""49152"",""--workers"",""8""]"
c47-to-repeatable-20260913,production-controls-01,19,cli,8,1,baseline,0,49152,16.762,16.7656624239753,1193,d957092e020acc7d09f727fb58244b87ebac700939f5cd8151ffe6b6a7890444,cli_count_only,833c4643caa347265659c1138e04db24c792cdd72cf83f3036b97f324514bd79,3f3644dfcbd847a44395b2c4bcd35af4af16f1e67dc52fdf071bb0628595f00b,83,19,"[""/tmp/seed-perf-ae0cb0c/repeatable-20260913/baseline/seed-seeker"",""--benchmark"",""49152"",""--workers"",""8""]"
c47-to-repeatable-20260913,production-controls-01,20,cli,8,2,baseline,0,49152,16.987,16.991212467983132,1193,d957092e020acc7d09f727fb58244b87ebac700939f5cd8151ffe6b6a7890444,cli_count_only,833c4643caa347265659c1138e04db24c792cdd72cf83f3036b97f324514bd79,3f3644dfcbd847a44395b2c4bcd35af4af16f1e67dc52fdf071bb0628595f00b,84,20,"[""/tmp/seed-perf-ae0cb0c/repeatable-20260913/baseline/seed-seeker"",""--benchmark"",""49152"",""--workers"",""8""]"
c47-to-repeatable-20260913,production-controls-01,21,cli,8,2,candidate,0,49152,16.627,16.632403806986986,1193,d957092e020acc7d09f727fb58244b87ebac700939f5cd8151ffe6b6a7890444,cli_count_only,833c4643caa347265659c1138e04db24c792cdd72cf83f3036b97f324514bd79,67c83a1f63e25c805eb5d5ded42ca70dcc0152b9e730cd49088ae7fde22d8eac,85,21,"[""/tmp/seed-perf-ae0cb0c/repeatable-20260913/candidate/seed-seeker"",""--benchmark"",""49152"",""--workers"",""8""]"
c47-to-repeatable-20260913,production-controls-01,22,cli,8,3,candidate,0,49152,16.781,16.784710122999968,1193,d957092e020acc7d09f727fb58244b87ebac700939f5cd8151ffe6b6a7890444,cli_count_only,833c4643caa347265659c1138e04db24c792cdd72cf83f3036b97f324514bd79,67c83a1f63e25c805eb5d5ded42ca70dcc0152b9e730cd49088ae7fde22d8eac,86,22,"[""/tmp/seed-perf-ae0cb0c/repeatable-20260913/candidate/seed-seeker"",""--benchmark"",""49152"",""--workers"",""8""]"
c47-to-repeatable-20260913,production-controls-01,23,cli,8,3,baseline,0,49152,16.705,16.708942897996167,1193,d957092e020acc7d09f727fb58244b87ebac700939f5cd8151ffe6b6a7890444,cli_count_only,833c4643caa347265659c1138e04db24c792cdd72cf83f3036b97f324514bd79,3f3644dfcbd847a44395b2c4bcd35af4af16f1e67dc52fdf071bb0628595f00b,87,23,"[""/tmp/seed-perf-ae0cb0c/repeatable-20260913/baseline/seed-seeker"",""--benchmark"",""49152"",""--workers"",""8""]"
c47-to-repeatable-20260913,production-controls-01,24,blade_might_auto,8,0,baseline,160000000,49152,18.309681646,18.318869376002112,15,9c1be681f18597ff0c0730c8c4501e9622ccb86812a8dbdb4feccc4cdb4eda90,complete_recipe_witness_records,833c4643caa347265659c1138e04db24c792cdd72cf83f3036b97f324514bd79,d08204a1a3c629d68ccb38cbe6c6b4f10b44ec65f5b42624ae8253e6ba4e5063,88,24,null
c47-to-repeatable-20260913,production-controls-01,25,blade_might_auto,8,0,candidate,160000000,49152,17.924658505,17.932382241997402,15,9c1be681f18597ff0c0730c8c4501e9622ccb86812a8dbdb4feccc4cdb4eda90,complete_recipe_witness_records,833c4643caa347265659c1138e04db24c792cdd72cf83f3036b97f324514bd79,5f3b27899a4551858809b9f0d1184eff760992ad8060ac05e4a40f53b4f64641,89,25,null
c47-to-repeatable-20260913,production-controls-01,26,blade_might_auto,8,1,candidate,160049152,49152,17.890839743,17.899776662001386,9,c123b9a3a6898c7714f57cc43764cbeeb6b4f15dc2d8b21f8cdf2f257ade91c3,complete_recipe_witness_records,833c4643caa347265659c1138e04db24c792cdd72cf83f3036b97f324514bd79,5f3b27899a4551858809b9f0d1184eff760992ad8060ac05e4a40f53b4f64641,90,26,null
c47-to-repeatable-20260913,production-controls-01,27,blade_might_auto,8,1,baseline,160049152,49152,18.410819048,18.422266822017264,9,c123b9a3a6898c7714f57cc43764cbeeb6b4f15dc2d8b21f8cdf2f257ade91c3,complete_recipe_witness_records,833c4643caa347265659c1138e04db24c792cdd72cf83f3036b97f324514bd79,d08204a1a3c629d68ccb38cbe6c6b4f10b44ec65f5b42624ae8253e6ba4e5063,91,27,null
c47-to-repeatable-20260913,production-controls-01,28,blade_might_auto,8,2,baseline,160098304,49152,17.958291843,17.966455663990928,16,fbde77e2114a5bc258d4445b2c16b9f5ef41f580ef15c8a962ed2d558f7ce77a,complete_recipe_witness_records,833c4643caa347265659c1138e04db24c792cdd72cf83f3036b97f324514bd79,d08204a1a3c629d68ccb38cbe6c6b4f10b44ec65f5b42624ae8253e6ba4e5063,92,28,null
c47-to-repeatable-20260913,production-controls-01,29,blade_might_auto,8,2,candidate,160098304,49152,17.79840915,17.806037272996036,16,fbde77e2114a5bc258d4445b2c16b9f5ef41f580ef15c8a962ed2d558f7ce77a,complete_recipe_witness_records,833c4643caa347265659c1138e04db24c792cdd72cf83f3036b97f324514bd79,5f3b27899a4551858809b9f0d1184eff760992ad8060ac05e4a40f53b4f64641,93,29,null
c47-to-repeatable-20260913,production-controls-01,30,blade_might_auto,8,3,candidate,160147456,49152,17.980103898,17.986735585000133,14,b4b97f74ff4a91d59368c45ddb7c8ae66ed664977a0c909e9c1b65f05ffeb079,complete_recipe_witness_records,833c4643caa347265659c1138e04db24c792cdd72cf83f3036b97f324514bd79,5f3b27899a4551858809b9f0d1184eff760992ad8060ac05e4a40f53b4f64641,94,30,null
c47-to-repeatable-20260913,production-controls-01,31,blade_might_auto,8,3,baseline,160147456,49152,18.045054543,18.05676787698758,14,b4b97f74ff4a91d59368c45ddb7c8ae66ed664977a0c909e9c1b65f05ffeb079,complete_recipe_witness_records,833c4643caa347265659c1138e04db24c792cdd72cf83f3036b97f324514bd79,d08204a1a3c629d68ccb38cbe6c6b4f10b44ec65f5b42624ae8253e6ba4e5063,95,31,null
c47-to-repeatable-20260913,general-w1-01,0,rings6_late_blade,1,0,baseline,160000000,8192,27.485406787,27.48754302301677,12,846535f9b33a04ccc9a58244b67cbd354765eacbd5e3cd666fa32899742fad57,complete_recipe_witness_records,d75a7c492445e727ed2a5e5ce764ed95e2ac6dadf420ba918b26507bd71f3cff,d08204a1a3c629d68ccb38cbe6c6b4f10b44ec65f5b42624ae8253e6ba4e5063,96,0,null
c47-to-repeatable-20260913,general-w1-01,1,rings6_late_blade,1,0,candidate,160000000,8192,14.794978151,14.798756317992229,12,846535f9b33a04ccc9a58244b67cbd354765eacbd5e3cd666fa32899742fad57,complete_recipe_witness_records,d75a7c492445e727ed2a5e5ce764ed95e2ac6dadf420ba918b26507bd71f3cff,5f3b27899a4551858809b9f0d1184eff760992ad8060ac05e4a40f53b4f64641,97,1,null
c47-to-repeatable-20260913,general-w1-01,2,rings6_late_blade,1,1,candidate,160008192,8192,14.795176633,14.796846616984112,21,d027f7849b3fa01ea95b8d2fb5260e0d659416548d99d83cff71d452e4abaa7e,complete_recipe_witness_records,d75a7c492445e727ed2a5e5ce764ed95e2ac6dadf420ba918b26507bd71f3cff,5f3b27899a4551858809b9f0d1184eff760992ad8060ac05e4a40f53b4f64641,98,2,null
c47-to-repeatable-20260913,general-w1-01,3,rings6_late_blade,1,1,baseline,160008192,8192,27.690370966,27.69163499600836,21,d027f7849b3fa01ea95b8d2fb5260e0d659416548d99d83cff71d452e4abaa7e,complete_recipe_witness_records,d75a7c492445e727ed2a5e5ce764ed95e2ac6dadf420ba918b26507bd71f3cff,d08204a1a3c629d68ccb38cbe6c6b4f10b44ec65f5b42624ae8253e6ba4e5063,99,3,null
c47-to-repeatable-20260913,general-w1-01,4,rings6_late_blade,1,2,baseline,160016384,8192,27.813161131,27.814501955988817,16,e7ee2105363c8dd52aab6f246b6cee29529054ce5bd8d6ce0b73564ef2d40e93,complete_recipe_witness_records,d75a7c492445e727ed2a5e5ce764ed95e2ac6dadf420ba918b26507bd71f3cff,d08204a1a3c629d68ccb38cbe6c6b4f10b44ec65f5b42624ae8253e6ba4e5063,100,4,null
c47-to-repeatable-20260913,general-w1-01,5,rings6_late_blade,1,2,candidate,160016384,8192,14.747097814,14.748510336008621,16,e7ee2105363c8dd52aab6f246b6cee29529054ce5bd8d6ce0b73564ef2d40e93,complete_recipe_witness_records,d75a7c492445e727ed2a5e5ce764ed95e2ac6dadf420ba918b26507bd71f3cff,5f3b27899a4551858809b9f0d1184eff760992ad8060ac05e4a40f53b4f64641,101,5,null
c47-to-repeatable-20260913,general-w1-01,6,rings6_late_blade,1,3,candidate,160024576,8192,14.611394813,14.612779996998142,27,4491a4906068aea88a548b97d18328469e9919f3e1ea273f9f7d7b3190277485,complete_recipe_witness_records,d75a7c492445e727ed2a5e5ce764ed95e2ac6dadf420ba918b26507bd71f3cff,5f3b27899a4551858809b9f0d1184eff760992ad8060ac05e4a40f53b4f64641,102,6,null
c47-to-repeatable-20260913,general-w1-01,7,rings6_late_blade,1,3,baseline,160024576,8192,28.234977366,28.23625779998838,27,4491a4906068aea88a548b97d18328469e9919f3e1ea273f9f7d7b3190277485,complete_recipe_witness_records,d75a7c492445e727ed2a5e5ce764ed95e2ac6dadf420ba918b26507bd71f3cff,d08204a1a3c629d68ccb38cbe6c6b4f10b44ec65f5b42624ae8253e6ba4e5063,103,7,null
c47-to-repeatable-20260913,general-w1-01,8,heap_tier2_armor_late_blade,1,0,baseline,160000000,8192,22.445929516,22.447409651009366,4,d1676fbfb872e4cb99fea104a7cd27f1d126a2dbb33ab4c1f1f1b1f828f3b0e3,complete_recipe_witness_records,d75a7c492445e727ed2a5e5ce764ed95e2ac6dadf420ba918b26507bd71f3cff,d08204a1a3c629d68ccb38cbe6c6b4f10b44ec65f5b42624ae8253e6ba4e5063,104,8,null
c47-to-repeatable-20260913,general-w1-01,9,heap_tier2_armor_late_blade,1,0,candidate,160000000,8192,12.307933117,12.309593995014438,4,d1676fbfb872e4cb99fea104a7cd27f1d126a2dbb33ab4c1f1f1b1f828f3b0e3,complete_recipe_witness_records,d75a7c492445e727ed2a5e5ce764ed95e2ac6dadf420ba918b26507bd71f3cff,5f3b27899a4551858809b9f0d1184eff760992ad8060ac05e4a40f53b4f64641,105,9,null
c47-to-repeatable-20260913,general-w1-01,10,heap_tier2_armor_late_blade,1,1,candidate,160008192,8192,12.451086593,12.452512728021247,6,dfc5cce06d236dbdd782a63a0b55d701c4186e3afa65d66d8cc18aff3e998399,complete_recipe_witness_records,d75a7c492445e727ed2a5e5ce764ed95e2ac6dadf420ba918b26507bd71f3cff,5f3b27899a4551858809b9f0d1184eff760992ad8060ac05e4a40f53b4f64641,106,10,null
c47-to-repeatable-20260913,general-w1-01,11,heap_tier2_armor_late_blade,1,1,baseline,160008192,8192,22.577675079,22.579199901985703,6,dfc5cce06d236dbdd782a63a0b55d701c4186e3afa65d66d8cc18aff3e998399,complete_recipe_witness_records,d75a7c492445e727ed2a5e5ce764ed95e2ac6dadf420ba918b26507bd71f3cff,d08204a1a3c629d68ccb38cbe6c6b4f10b44ec65f5b42624ae8253e6ba4e5063,107,11,null
c47-to-repeatable-20260913,general-w1-01,12,heap_tier2_armor_late_blade,1,2,baseline,160016384,8192,22.859973064,22.861670610000147,6,8fc5be4ff807028baa2dc24bc2905c49370af1b1ae80d2a41068197e05bf69af,complete_recipe_witness_records,d75a7c492445e727ed2a5e5ce764ed95e2ac6dadf420ba918b26507bd71f3cff,d08204a1a3c629d68ccb38cbe6c6b4f10b44ec65f5b42624ae8253e6ba4e5063,108,12,null
c47-to-repeatable-20260913,general-w1-01,13,heap_tier2_armor_late_blade,1,2,candidate,160016384,8192,12.868976522,12.870256516005611,6,8fc5be4ff807028baa2dc24bc2905c49370af1b1ae80d2a41068197e05bf69af,complete_recipe_witness_records,d75a7c492445e727ed2a5e5ce764ed95e2ac6dadf420ba918b26507bd71f3cff,5f3b27899a4551858809b9f0d1184eff760992ad8060ac05e4a40f53b4f64641,109,13,null
c47-to-repeatable-20260913,general-w1-01,14,heap_tier2_armor_late_blade,1,3,candidate,160024576,8192,12.439401752,12.440743489016313,7,d34a5cd04394ac618700874e275d3ab36c01cb5244eaff05abf9c7d4562b8d81,complete_recipe_witness_records,d75a7c492445e727ed2a5e5ce764ed95e2ac6dadf420ba918b26507bd71f3cff,5f3b27899a4551858809b9f0d1184eff760992ad8060ac05e4a40f53b4f64641,110,14,null
c47-to-repeatable-20260913,general-w1-01,15,heap_tier2_armor_late_blade,1,3,baseline,160024576,8192,22.042902889,22.0447260630026,7,d34a5cd04394ac618700874e275d3ab36c01cb5244eaff05abf9c7d4562b8d81,complete_recipe_witness_records,d75a7c492445e727ed2a5e5ce764ed95e2ac6dadf420ba918b26507bd71f3cff,d08204a1a3c629d68ccb38cbe6c6b4f10b44ec65f5b42624ae8253e6ba4e5063,111,15,null
c47-to-repeatable-20260913,general-w8-01,0,rings6_late_blade,8,0,baseline,160000000,65536,28.706858292,28.727085100021213,147,61077397e0f2fc3364f09a958c9c8eb361a126df10eba4213b2d6ba9fa8bd83c,complete_recipe_witness_records,d75a7c492445e727ed2a5e5ce764ed95e2ac6dadf420ba918b26507bd71f3cff,d08204a1a3c629d68ccb38cbe6c6b4f10b44ec65f5b42624ae8253e6ba4e5063,112,0,null
c47-to-repeatable-20260913,general-w8-01,1,rings6_late_blade,8,0,candidate,160000000,65536,15.419867558,15.435641225980362,147,61077397e0f2fc3364f09a958c9c8eb361a126df10eba4213b2d6ba9fa8bd83c,complete_recipe_witness_records,d75a7c492445e727ed2a5e5ce764ed95e2ac6dadf420ba918b26507bd71f3cff,5f3b27899a4551858809b9f0d1184eff760992ad8060ac05e4a40f53b4f64641,113,1,null
c47-to-repeatable-20260913,general-w8-01,2,rings6_late_blade,8,1,candidate,160065536,65536,15.249843247,15.259181014000205,164,8fc5118b7ac91aac162620c4904b7042798e6ddfe2f487a3ccc54afe628ee762,complete_recipe_witness_records,d75a7c492445e727ed2a5e5ce764ed95e2ac6dadf420ba918b26507bd71f3cff,5f3b27899a4551858809b9f0d1184eff760992ad8060ac05e4a40f53b4f64641,114,2,null
c47-to-repeatable-20260913,general-w8-01,3,rings6_late_blade,8,1,baseline,160065536,65536,28.642128194,28.65531992301112,164,8fc5118b7ac91aac162620c4904b7042798e6ddfe2f487a3ccc54afe628ee762,complete_recipe_witness_records,d75a7c492445e727ed2a5e5ce764ed95e2ac6dadf420ba918b26507bd71f3cff,d08204a1a3c629d68ccb38cbe6c6b4f10b44ec65f5b42624ae8253e6ba4e5063,115,3,null
c47-to-repeatable-20260913,general-w8-01,4,rings6_late_blade,8,2,baseline,160131072,65536,28.524581207,28.534018774982542,144,71a00a272f6f4bc9ee7ecddc3ad50cf58cf64f47b3ce045400e0cc8082acb828,complete_recipe_witness_records,d75a7c492445e727ed2a5e5ce764ed95e2ac6dadf420ba918b26507bd71f3cff,d08204a1a3c629d68ccb38cbe6c6b4f10b44ec65f5b42624ae8253e6ba4e5063,116,4,null
c47-to-repeatable-20260913,general-w8-01,5,rings6_late_blade,8,2,candidate,160131072,65536,15.426857605,15.44028322797385,144,71a00a272f6f4bc9ee7ecddc3ad50cf58cf64f47b3ce045400e0cc8082acb828,complete_recipe_witness_records,d75a7c492445e727ed2a5e5ce764ed95e2ac6dadf420ba918b26507bd71f3cff,5f3b27899a4551858809b9f0d1184eff760992ad8060ac05e4a40f53b4f64641,117,5,null
c47-to-repeatable-20260913,general-w8-01,6,rings6_late_blade,8,3,candidate,160196608,65536,15.441097029,15.450516149023315,152,e3bc3fe26afef32dbd6af1b1a3b57e61dcf09f6a959e87c6f24da10a2d117e91,complete_recipe_witness_records,d75a7c492445e727ed2a5e5ce764ed95e2ac6dadf420ba918b26507bd71f3cff,5f3b27899a4551858809b9f0d1184eff760992ad8060ac05e4a40f53b4f64641,118,6,null
c47-to-repeatable-20260913,general-w8-01,7,rings6_late_blade,8,3,baseline,160196608,65536,28.794931095,28.80505544898915,152,e3bc3fe26afef32dbd6af1b1a3b57e61dcf09f6a959e87c6f24da10a2d117e91,complete_recipe_witness_records,d75a7c492445e727ed2a5e5ce764ed95e2ac6dadf420ba918b26507bd71f3cff,d08204a1a3c629d68ccb38cbe6c6b4f10b44ec65f5b42624ae8253e6ba4e5063,119,7,null
c47-to-repeatable-20260913,general-w8-01,8,heap_tier2_armor_late_blade,8,0,baseline,160000000,65536,23.327511149,23.343087229004595,42,5051681755dc258a18ecdcdac1476ddfa9022154dc91f9ca43a5e1fbe68da3c6,complete_recipe_witness_records,d75a7c492445e727ed2a5e5ce764ed95e2ac6dadf420ba918b26507bd71f3cff,d08204a1a3c629d68ccb38cbe6c6b4f10b44ec65f5b42624ae8253e6ba4e5063,120,8,null
c47-to-repeatable-20260913,general-w8-01,9,heap_tier2_armor_late_blade,8,0,candidate,160000000,65536,12.981254152,12.994016582000768,42,5051681755dc258a18ecdcdac1476ddfa9022154dc91f9ca43a5e1fbe68da3c6,complete_recipe_witness_records,d75a7c492445e727ed2a5e5ce764ed95e2ac6dadf420ba918b26507bd71f3cff,5f3b27899a4551858809b9f0d1184eff760992ad8060ac05e4a40f53b4f64641,121,9,null
c47-to-repeatable-20260913,general-w8-01,10,heap_tier2_armor_late_blade,8,1,candidate,160065536,65536,12.911496977,12.919196506991284,47,1ce810fd1783b8aa78393181a2f54200e5f87c5ec4b4ab4b051f824d027f1ab8,complete_recipe_witness_records,d75a7c492445e727ed2a5e5ce764ed95e2ac6dadf420ba918b26507bd71f3cff,5f3b27899a4551858809b9f0d1184eff760992ad8060ac05e4a40f53b4f64641,122,10,null
c47-to-repeatable-20260913,general-w8-01,11,heap_tier2_armor_late_blade,8,1,baseline,160065536,65536,23.339766839,23.34979711100459,47,1ce810fd1783b8aa78393181a2f54200e5f87c5ec4b4ab4b051f824d027f1ab8,complete_recipe_witness_records,d75a7c492445e727ed2a5e5ce764ed95e2ac6dadf420ba918b26507bd71f3cff,d08204a1a3c629d68ccb38cbe6c6b4f10b44ec65f5b42624ae8253e6ba4e5063,123,11,null
c47-to-repeatable-20260913,general-w8-01,12,heap_tier2_armor_late_blade,8,2,baseline,160131072,65536,23.207837693,23.217242110025836,35,41b9dd55896c69d8a7913a27ce412b1c2f32408fabec156232dbb897464f6d06,complete_recipe_witness_records,d75a7c492445e727ed2a5e5ce764ed95e2ac6dadf420ba918b26507bd71f3cff,d08204a1a3c629d68ccb38cbe6c6b4f10b44ec65f5b42624ae8253e6ba4e5063,124,12,null
c47-to-repeatable-20260913,general-w8-01,13,heap_tier2_armor_late_blade,8,2,candidate,160131072,65536,12.658143906,12.669550727994647,35,41b9dd55896c69d8a7913a27ce412b1c2f32408fabec156232dbb897464f6d06,complete_recipe_witness_records,d75a7c492445e727ed2a5e5ce764ed95e2ac6dadf420ba918b26507bd71f3cff,5f3b27899a4551858809b9f0d1184eff760992ad8060ac05e4a40f53b4f64641,125,13,null
c47-to-repeatable-20260913,general-w8-01,14,heap_tier2_armor_late_blade,8,3,candidate,160196608,65536,12.739681984,12.750264451984549,37,313c1b4eabd35fe73081608f720f71ca8174e5019159e3e8164d84fc54858663,complete_recipe_witness_records,d75a7c492445e727ed2a5e5ce764ed95e2ac6dadf420ba918b26507bd71f3cff,5f3b27899a4551858809b9f0d1184eff760992ad8060ac05e4a40f53b4f64641,126,14,null
c47-to-repeatable-20260913,general-w8-01,15,heap_tier2_armor_late_blade,8,3,baseline,160196608,65536,22.878427578,22.891460326995002,37,313c1b4eabd35fe73081608f720f71ca8174e5019159e3e8164d84fc54858663,complete_recipe_witness_records,d75a7c492445e727ed2a5e5ce764ed95e2ac6dadf420ba918b26507bd71f3cff,d08204a1a3c629d68ccb38cbe6c6b4f10b44ec65f5b42624ae8253e6ba4e5063,127,15,null
